Workbook

Sheet LCA 
A1: LCA
A2: embodied emissions | B2: =SUM(B8:D19)*2/1000 -> 400.35587
A3: operational emissions (fossil) | B3: =SUM(C57:C59)*60/1000 -> 8364.9434 | C3: =B4/B3 -> 0.10988924 | D3: =B3/B2 -> 20.89377
A4: operational emissions (green) | B4: =SUM(D57:D59)*60/1000 -> 919.21727 | D4: =B4/B2 -> 2.2960005
A6: Building Systems GWP
B7: Heating | C7: Cooling | D7: Ventilation
A8: =Heating!A81 -> Concrete Core Actiation | B8: =Heating!C81 -> 21787.352
A9: =Heating!A82 -> Heating: Pipes | B9: =Heating!C82 -> 22534.698
A10: Heating: Pipe Insulation | B10: =SUM(Heating!C83:C84) -> 450.27472
A11: Convector | B11: =Heating!C85 -> 32294.408 | Q11: Legend:
A12: Air Chiller | C12: =SUM(Cooling!C56:C58) -> 11491.612 | Q12: grey = no touching
A13: =Cooling!A59 -> Cooling: Pipes | C13: =Cooling!C59 -> 10667.292 | Q13: yellow= editable
A14: Cooling: Pipe Insulation | C14: =Cooling!C60 -> 724.4512 | Q14: blue = comment
A15: =Cooling!A61 -> Heat Exchanger | C15: =Cooling!C61 -> 1442.0784
A16: =Cooling!A62 -> Fancoil | C16: =Cooling!C62 -> 3212.2944
A17: =Ventilation!A100 -> AL-KO | D17: =Ventilation!C100 -> 52117.75
A18: =Ventilation!A101 -> Ducts | D18: =Ventilation!C101 -> 35621.847
A19: =Ventilation!A103 -> Valve | D19: =SUM(Ventilation!C102:C103) -> 7833.8772
B20: =SUM(B8:B19) -> 77066.733 | C20: =SUM(C8:C19) -> 27537.727 | D20: =SUM(D17:D19) -> 95573.474
A22: Materials Building Systems kg | G22: Materials Building Systems kg
B23: Heating | C23: Cooling | D23: Ventilation | H23: Heating | I23: Cooling | J23: Ventilation
A24: C-Steel | B24: =Heating!D82 -> 4848.0718 | C24: =Cooling!D59+Cooling!D58 -> 3139.8934 | G24: C-Steel | H24: =Heating!C82 -> 22534.698 | I24: =Cooling!C59+Cooling!C58 -> 16047.995
A25: Steel | B25: =Heating!D88 -> 1638.906 | C25: =Cooling!D56+Cooling!D61+Cooling!D62 -> 7621 | D25: =Ventilation!D100+Ventilation!D101+Ventilation!D102 -> 43828.171 | G25: Steel | H25: =Heating!C88 -> 8335.7791 | I25: =Cooling!C56+Cooling!C61+Cooling!C62 -> 6451.8113 | J25: =Ventilation!C100+Ventilation!C101+Ventilation!C102 -> 94616.255
A26: Aluminium | B26: =Heating!D87 -> 85.293 | G26: Aluminium | H26: =Heating!C87 -> 1666.7958
A27: Copper/Aluminium | B27: =Heating!D90 -> 2697.52 | G27: Copper/Aluminium | H27: =Heating!C90 -> 22241.592
A28: Rockwool | B28: =Heating!D83 -> 219.52274 | G28: Rockwool | H28: =Heating!C83 -> 237.96265
A29: PE foam | B29: =Heating!D84 -> 54.397147 | G29: PE foam | H29: =Heating!C84 -> 212.31207
A30: Armaflex | C30: =Cooling!D60 -> 259.38102 | G30: Armaflex | I30: =Cooling!C60 -> 724.4512
A31: Polyethylene | B31: =Heating!D81 -> 6790.4 | G31: Polyethylene | H31: =Heating!C81 -> 21787.352
A32: Polyamid | B32: =Heating!D89 -> 5.88924 | D32: =Ventilation!D103 -> 112.2034 | G32: Polyamid | H32: =Heating!C89 -> 50.241695 | J32: =Ventilation!C103 -> 957.21843
A33: Refrigerant | C33: =Cooling!D57 -> 245 | G33: Refrigerant | I33: =Cooling!C57 -> 4313.47
A37: Total | B37: =SUM(B24:B33) -> 16340 | C37: =SUM(C24:C33) -> 11265.274 | D37: =SUM(D24:D33) -> 43940.374 | G37: Total | H37: =SUM(H24:H33) -> 77066.733 | I37: =SUM(I24:I33) -> 27537.727 | J37: =SUM(J24:J33) -> 95573.474
A48: Operational Energy in kWh
B49: District Heating | C49: Electricity
A50: Heating | B50: ='operational Energy'!U3 -> 687360.95
A51: Cooling | C51: ='operational Energy'!U4 -> 565204.04
A52: Ventilation | C52: ='operational Energy'!U5 -> 883817.98
A55: GWP of Operational Energy in kgCO2eq
B56: District Heating | C56: electricity (fossil) | D56: electricity (green)
A57: Heating (District Heating) | B57: ='operational Energy'!V3 -> 6667.4012
A58: Cooling (Electricity) | C58: ='operational Energy'!V4 -> 54380.354 | D58: ='operational Energy'!W4 -> 5975.8157 | E58: =(SUM(C58:C59))/(SUM(D58:D59)) -> 9.1000721
A59: Ventilation (Electricity) | C59: ='operational Energy'!V5 -> 85035.37 | D59: ='operational Energy'!W5 -> 9344.4721
A73: CO2 Timeline | B73: fossil
B74: Embodied energy | C74: Operational (District Heating) | D74: Operational (Electricity) | G74: Embodied energy | H74: Operational (District Heating) | I74: Operational (Electricity)
A75: 2023 | B75: =SUM($B$8:$D$19)/1000 -> 200.17793 | C75: =$B$57/1000 -> 6.6674012 | D75: =SUM($C$58:$C$59)/1000 -> 139.41572 | F75: 2023 | G75: =SUM($B$8:$D$19)/1000 -> 200.17793 | H75: =$B$57/1000 -> 6.6674012 | I75: =SUM($D$58:$D$59)/1000 -> 15.320288
A76: 2024 | B76: =SUM($B$8:$D$19)/1000 -> 200.17793 | C76: =($B$57/1000+C75) -> 13.334802 | D76: =SUM($C$58:$C$59)/1000+D75 -> 278.83145 | F76: 2024 | G76: =SUM($B$8:$D$19)/1000 -> 200.17793 | H76: =$B$57/1000+H75 -> 13.334802 | I76: =SUM($D$58:$D$59)/1000+I75 -> 30.640576
A77: 2025 | B77: =SUM($B$8:$D$19)/1000 -> 200.17793 | C77: =($B$57/1000+C76) -> 20.002204 | D77: =SUM($C$58:$C$59)/1000+D76 -> 418.24717 | F77: 2025 | G77: =SUM($B$8:$D$19)/1000 -> 200.17793 | H77: =$B$57/1000+H76 -> 20.002204 | I77: =SUM($D$58:$D$59)/1000+I76 -> 45.960863
A78: 2026 | B78: =SUM($B$8:$D$19)/1000 -> 200.17793 | C78: =($B$57/1000+C77) -> 26.669605 | D78: =SUM($C$58:$C$59)/1000+D77 -> 557.66289 | F78: 2026 | G78: =SUM($B$8:$D$19)/1000 -> 200.17793 | H78: =$B$57/1000+H77 -> 26.669605 | I78: =SUM($D$58:$D$59)/1000+I77 -> 61.281151
A79: 2027 | B79: =SUM($B$8:$D$19)/1000 -> 200.17793 | C79: =($B$57/1000+C78) -> 33.337006 | D79: =SUM($C$58:$C$59)/1000+D78 -> 697.07862 | F79: 2027 | G79: =SUM($B$8:$D$19)/1000 -> 200.17793 | H79: =$B$57/1000+H78 -> 33.337006 | I79: =SUM($D$58:$D$59)/1000+I78 -> 76.601439
A80: 2028 | B80: =SUM($B$8:$D$19)/1000 -> 200.17793 | C80: =($B$57/1000+C79) -> 40.004407 | D80: =SUM($C$58:$C$59)/1000+D79 -> 836.49434 | F80: 2028 | G80: =SUM($B$8:$D$19)/1000 -> 200.17793 | H80: =$B$57/1000+H79 -> 40.004407 | I80: =SUM($D$58:$D$59)/1000+I79 -> 91.921727
A81: 2029 | B81: =SUM($B$8:$D$19)/1000 -> 200.17793 | C81: =($B$57/1000+C80) -> 46.671809 | D81: =SUM($C$58:$C$59)/1000+D80 -> 975.91006 | F81: 2029 | G81: =SUM($B$8:$D$19)/1000 -> 200.17793 | H81: =$B$57/1000+H80 -> 46.671809 | I81: =SUM($D$58:$D$59)/1000+I80 -> 107.24201
A82: 2030 | B82: =SUM($B$8:$D$19)/1000 -> 200.17793 | C82: =($B$57/1000+C81) -> 53.33921 | D82: =SUM($C$58:$C$59)/1000+D81 -> 1115.3258 | F82: 2030 | G82: =SUM($B$8:$D$19)/1000 -> 200.17793 | H82: =$B$57/1000+H81 -> 53.33921 | I82: =SUM($D$58:$D$59)/1000+I81 -> 122.5623
A83: 2031 | B83: =SUM($B$8:$D$19)/1000 -> 200.17793 | C83: =($B$57/1000+C82) -> 60.006611 | D83: =SUM($C$58:$C$59)/1000+D82 -> 1254.7415 | F83: 2031 | G83: =SUM($B$8:$D$19)/1000 -> 200.17793 | H83: =$B$57/1000+H82 -> 60.006611 | I83: =SUM($D$58:$D$59)/1000+I82 -> 137.88259
A84: 2032 | B84: =SUM($B$8:$D$19)/1000 -> 200.17793 | C84: =($B$57/1000+C83) -> 66.674012 | D84: =SUM($C$58:$C$59)/1000+D83 -> 1394.1572 | F84: 2032 | G84: =SUM($B$8:$D$19)/1000 -> 200.17793 | H84: =$B$57/1000+H83 -> 66.674012 | I84: =SUM($D$58:$D$59)/1000+I83 -> 153.20288
A85: 2033 | B85: =SUM($B$8:$D$19)/1000 -> 200.17793 | C85: =($B$57/1000+C84) -> 73.341414 | D85: =SUM($C$58:$C$59)/1000+D84 -> 1533.573 | F85: 2033 | G85: =SUM($B$8:$D$19)/1000 -> 200.17793 | H85: =$B$57/1000+H84 -> 73.341414 | I85: =SUM($D$58:$D$59)/1000+I84 -> 168.52317
A86: 2034 | B86: =SUM($B$8:$D$19)/1000 -> 200.17793 | C86: =($B$57/1000+C85) -> 80.008815 | D86: =SUM($C$58:$C$59)/1000+D85 -> 1672.9887 | F86: 2034 | G86: =SUM($B$8:$D$19)/1000 -> 200.17793 | H86: =$B$57/1000+H85 -> 80.008815 | I86: =SUM($D$58:$D$59)/1000+I85 -> 183.84345
A87: 2035 | B87: =SUM($B$8:$D$19)/1000 -> 200.17793 | C87: =($B$57/1000+C86) -> 86.676216 | D87: =SUM($C$58:$C$59)/1000+D86 -> 1812.4044 | F87: 2035 | G87: =SUM($B$8:$D$19)/1000 -> 200.17793 | H87: =$B$57/1000+H86 -> 86.676216 | I87: =SUM($D$58:$D$59)/1000+I86 -> 199.16374
... A104: 2052 | B104: =SUM($B$8:$D$19)/1000 -> 200.17793 | C104: =($B$57/1000+C103) -> 200.02204 | D104: =SUM($C$58:$C$59)/1000+D103 -> 4182.4717 | F104: 2052 | G104: =SUM($B$8:$D$19)/1000 -> 200.17793 | H104: =$B$57/1000+H103 -> 200.02204 | I104: =SUM($D$58:$D$59)/1000+I103 -> 459.60863
A105: 2053 | B105: =SUM($B$8:$D$19)*2/1000 -> 400.35587 | C105: =($B$57/1000+C104) -> 206.68944 | D105: =SUM($C$58:$C$59)/1000+D104 -> 4321.8874 | F105: 2053 | G105: =SUM($B$8:$D$19)*2/1000 -> 400.35587 | H105: =$B$57/1000+H104 -> 206.68944 | I105: =SUM($D$58:$D$59)/1000+I104 -> 474.92892
A106: 2054 | B106: =SUM($B$8:$D$19)*2/1000 -> 400.35587 | C106: =($B$57/1000+C105) -> 213.35684 | D106: =SUM($C$58:$C$59)/1000+D105 -> 4461.3032 | F106: 2054 | G106: =SUM($B$8:$D$19)*2/1000 -> 400.35587 | H106: =$B$57/1000+H105 -> 213.35684 | I106: =SUM($D$58:$D$59)/1000+I105 -> 490.24921
A107: 2055 | B107: =SUM($B$8:$D$19)*2/1000 -> 400.35587 | C107: =($B$57/1000+C106) -> 220.02424 | D107: =SUM($C$58:$C$59)/1000+D106 -> 4600.7189 | F107: 2055 | G107: =SUM($B$8:$D$19)*2/1000 -> 400.35587 | H107: =$B$57/1000+H106 -> 220.02424 | I107: =SUM($D$58:$D$59)/1000+I106 -> 505.5695
A108: 2056 | B108: =SUM($B$8:$D$19)*2/1000 -> 400.35587 | C108: =($B$57/1000+C107) -> 226.69164 | D108: =SUM($C$58:$C$59)/1000+D107 -> 4740.1346 | F108: 2056 | G108: =SUM($B$8:$D$19)*2/1000 -> 400.35587 | H108: =$B$57/1000+H107 -> 226.69164 | I108: =SUM($D$58:$D$59)/1000+I107 -> 520.88978
A109: 2057 | B109: =SUM($B$8:$D$19)*2/1000 -> 400.35587 | C109: =($B$57/1000+C108) -> 233.35904 | D109: =SUM($C$58:$C$59)/1000+D108 -> 4879.5503 | F109: 2057 | G109: =SUM($B$8:$D$19)*2/1000 -> 400.35587 | H109: =$B$57/1000+H108 -> 233.35904 | I109: =SUM($D$58:$D$59)/1000+I108 -> 536.21007
A110: 2058 | B110: =SUM($B$8:$D$19)*2/1000 -> 400.35587 | C110: =($B$57/1000+C109) -> 240.02644 | D110: =SUM($C$58:$C$59)/1000+D109 -> 5018.966 | F110: 2058 | G110: =SUM($B$8:$D$19)*2/1000 -> 400.35587 | H110: =$B$57/1000+H109 -> 240.02644 | I110: =SUM($D$58:$D$59)/1000+I109 -> 551.53036
A111: 2059 | B111: =SUM($B$8:$D$19)*2/1000 -> 400.35587 | C111: =($B$57/1000+C110) -> 246.69385 | D111: =SUM($C$58:$C$59)/1000+D110 -> 5158.3818 | F111: 2059 | G111: =SUM($B$8:$D$19)*2/1000 -> 400.35587 | H111: =$B$57/1000+H110 -> 246.69385 | I111: =SUM($D$58:$D$59)/1000+I110 -> 566.85065
A112: 2060 | B112: =SUM($B$8:$D$19)*2/1000 -> 400.35587 | C112: =($B$57/1000+C111) -> 253.36125 | D112: =SUM($C$58:$C$59)/1000+D111 -> 5297.7975 | F112: 2060 | G112: =SUM($B$8:$D$19)*2/1000 -> 400.35587 | H112: =$B$57/1000+H111 -> 253.36125 | I112: =SUM($D$58:$D$59)/1000+I111 -> 582.17094
A113: 2061 | B113: =SUM($B$8:$D$19)*2/1000 -> 400.35587 | C113: =($B$57/1000+C112) -> 260.02865 | D113: =SUM($C$58:$C$59)/1000+D112 -> 5437.2132 | F113: 2061 | G113: =SUM($B$8:$D$19)*2/1000 -> 400.35587 | H113: =$B$57/1000+H112 -> 260.02865 | I113: =SUM($D$58:$D$59)/1000+I112 -> 597.49122
A114: 2062 | B114: =SUM($B$8:$D$19)*2/1000 -> 400.35587 | C114: =($B$57/1000+C113) -> 266.69605 | D114: =SUM($C$58:$C$59)/1000+D113 -> 5576.6289 | F114: 2062 | G114: =SUM($B$8:$D$19)*2/1000 -> 400.35587 | H114: =$B$57/1000+H113 -> 266.69605 | I114: =SUM($D$58:$D$59)/1000+I113 -> 612.81151
A115: 2063 | B115: =SUM($B$8:$D$19)*2/1000 -> 400.35587 | C115: =($B$57/1000+C114) -> 273.36345 | D115: =SUM($C$58:$C$59)/1000+D114 -> 5716.0447 | F115: 2063 | G115: =SUM($B$8:$D$19)*2/1000 -> 400.35587 | H115: =$B$57/1000+H114 -> 273.36345 | I115: =SUM($D$58:$D$59)/1000+I114 -> 628.1318
A116: 2064 | B116: =SUM($B$8:$D$19)*2/1000 -> 400.35587 | C116: =($B$57/1000+C115) -> 280.03085 | D116: =SUM($C$58:$C$59)/1000+D115 -> 5855.4604 | F116: 2064 | G116: =SUM($B$8:$D$19)*2/1000 -> 400.35587 | H116: =$B$57/1000+H115 -> 280.03085 | I116: =SUM($D$58:$D$59)/1000+I115 -> 643.45209
... A135: 2083 | B135: =SUM($B$8:$D$19)*2/1000 -> 400.35587 | C135: =($B$57/1000+C134) -> 406.71148 | D135: =SUM($C$58:$C$59)/1000+D134 -> 8504.3591 | F135: 2083 | G135: =SUM($B$8:$D$19)*2/1000 -> 400.35587 | H135: =$B$57/1000+H134 -> 406.71148 | I135: =SUM($D$58:$D$59)/1000+I134 -> 934.53756

Sheet Heating
A1: System | B1: Heating | F1: pi | G1: 3.1415927 | T1: Tabs Floor
A2: Energy | B2: District Heating | T2: https://www.rehau.com/downloads/712394/rautitan.pdf
A3: Heated area | B3: 8488
A7: Composition of the System
B8: Element | C8: Material | D8: Length [m/m2] | E8: Total Length | F8: Section [m2] | G8: Volume [m3] | I8: Pipe Distance | J8: Diameter [m] | K8: Thickness | L8: kg/m | M8: kg/m3 | N8: kg
A9: Concrete Core | B9: Pipe Floor | C9: Polyethylene | D9: =(1/I9*1) -> 6.6666667 | E9: =D9*$B$3 -> 56586.667 | F9: =((J9/2)^2*$G$1)-(((J9-K9)/2)^2*G1) -> 5.969026e-05 | G9: =E9*F9 -> 3.3776729 | I9: 0.15 | J9: 0.02 | K9: 0.002 | L9: 0.12 | N9: =L9*E9 -> 6790.4
A10: Heating: Pipes | B10: DN125 | C10: C-Steel | E10: =Worksheet_Pipes!V3 -> 34.42 | F10: =((J10/2)^2*$G$1)-(((J10-K10)/2)^2*$G$1) -> 0.00069064773 | G10: =F10*E10 -> 0.023772095 | J10: 0.139 | K10: 0.0032 | L10: 10.72 | N10: =L10*E10 -> 368.9824
B11: DN100 | C11: C-Steel | E11: =Worksheet_Pipes!V4 -> 171.63 | F11: =((J11/2)^2*$G$1)-(((J11-K11)/2)^2*$G$1) -> 0.00033615041 | G11: =F11*E11 -> 0.057693496 | J11: 0.108 | K11: 0.002 | L11: 5.23 | N11: =L11*E11 -> 897.6249
B12: DN80 | C12: C-Steel | E12: =Worksheet_Pipes!V5 -> 29.97 | F12: =((J12/2)^2*$G$1)-(((J12-K12)/2)^2*$G$1) -> 0.00027614599 | G12: =F12*E12 -> 0.0082760954 | J12: 0.0889 | K12: 0.002 | L12: 4.29 | N12: =L12*E12 -> 128.5713
B13: DN65 | C13: C-Steel | E13: =Worksheet_Pipes!V6 -> 362.27 | F13: =((J13/2)^2*$G$1)-(((J13-K13)/2)^2*$G$1) -> 0.00023593361 | G13: =F13*E13 -> 0.085471668 | J13: 0.0761 | K13: 0.002 | L13: 3.65 | N13: =L13*E13 -> 1322.2855
B14: DN50 | C14: C-Steel | E14: =Worksheet_Pipes!V7 -> 253.77 | F14: =((J14/2)^2*$G$1)-(((J14-K14)/2)^2*$G$1) -> 0.00012546736 | G14: =F14*E14 -> 0.031839851 | J14: 0.054 | K14: 0.0015 | L14: 1.94 | N14: =L14*E14 -> 492.3138
B15: DN40 | C15: C-Steel | E15: =Worksheet_Pipes!V8 -> 258.84 | F15: =((J15/2)^2*$G$1)-(((J15-K15)/2)^2*$G$1) -> 9.7193023e-05 | G15: =F15*E15 -> 0.025157442 | J15: 0.042 | K15: 0.0015 | L15: 1.5 | N15: =L15*E15 -> 388.26
B16: DN32 | C16: C-Steel | E16: =Worksheet_Pipes!V9 -> 160.33 | F16: =((J16/2)^2*$G$1)-(((J16-K16)/2)^2*$G$1) -> 8.0699661e-05 | G16: =F16*E16 -> 0.012938577 | J16: 0.035 | K16: 0.0015 | L16: 1.24 | N16: =L16*E16 -> 198.8092
B17: DN25 | C17: C-Steel | E17: =Worksheet_Pipes!V10 -> 196.7 | F17: =((J17/2)^2*$G$1)-(((J17-K17)/2)^2*$G$1) -> 6.42063e-05 | G17: =F17*E17 -> 0.012629379 | J17: 0.028 | K17: 0.0015 | L17: 0.98 | N17: =L17*E17 -> 192.766
B18: DN20 | C18: C-Steel | E18: =Worksheet_Pipes!V11 -> 173.74 | F18: =((J18/2)^2*$G$1)-(((J18-K18)/2)^2*$G$1) -> 5.0069133e-05 | G18: =F18*E18 -> 0.0086990112 | J18: 0.022 | K18: 0.0015 | L18: 0.76 | N18: =L18*E18 -> 132.0424
B19: DN15 | C19: C-Steel | E19: =Worksheet_Pipes!V12 -> 166.715 | F19: =((J19/2)^2*$G$1)-(((J19-K19)/2)^2*$G$1) -> 3.2798227e-05 | G19: =F19*E19 -> 0.0054679565 | J19: 0.018 | K19: 0.0012 | L19: 0.5 | N19: =L19*E19 -> 83.3575
B20: DN12 | C20: C-Steel | E20: =Worksheet_Pipes!V13 -> 497.672 | F20: =((J20/2)^2*$G$1)-(((J20-K20)/2)^2*$G$1) -> 2.7143361e-05 | G20: =F20*E20 -> 0.013508491 | J20: 0.015 | K20: 0.0012 | L20: 0.41 | N20: =L20*E20 -> 204.04552
A21: Heating: Pipe Insulation (shaft) | B21: DN125 | C21: Rockwool | E21: =Worksheet_Pipes!AZ197+Worksheet_Pipes!BJ142 -> 0 | F21: =((J21/2)^2*$G$1)-(((J21-K21)/2)^2*$G$1) -> 0.007257079 | G21: =F21*E21 -> 0 | J21: =K21+J10 -> 0.169 | K21: 0.03 | M21: 120 | N21: =G21*M21 -> 0
B22: DN100 | C22: Rockwool | E22: =Worksheet_Pipes!AZ198+Worksheet_Pipes!BJ143 -> 0 | F22: =((J22/2)^2*$G$1)-(((J22-K22)/2)^2*$G$1) -> 0.0057962384 | G22: =F22*E22 -> 0 | J22: =K22+J11 -> 0.138 | K22: 0.03 | M22: 120 | N22: =G22*M22 -> 0
B23: DN80 | C23: Rockwool | E23: =Worksheet_Pipes!AZ199+Worksheet_Pipes!BJ144 -> 16.88 | F23: =((J23/2)^2*$G$1)-(((J23-K23)/2)^2*$G$1) -> 0.0048961722 | G23: =F23*E23 -> 0.082647386 | J23: =K23+J12 -> 0.1189 | K23: 0.03 | M23: 120 | N23: =G23*M23 -> 9.9176863
B24: DN65 | C24: Rockwool | E24: =Worksheet_Pipes!AZ200+Worksheet_Pipes!BJ145 -> 140.5 | F24: =((J24/2)^2*$G$1)-(((J24-K24)/2)^2*$G$1) -> 0.0042929864 | G24: =F24*E24 -> 0.60316458 | J24: =K24+J13 -> 0.1061 | K24: 0.03 | M24: 120 | N24: =G24*M24 -> 72.37975
B25: DN50 | C25: Rockwool | E25: =Worksheet_Pipes!AZ201+Worksheet_Pipes!BJ146 -> 225.82 | F25: =((J25/2)^2*$G$1)-(((J25-K25)/2)^2*$G$1) -> 0.0026114489 | G25: =F25*E25 -> 0.58971739 | J25: =K25+J14 -> 0.079 | K25: 0.025 | M25: 120 | N25: =G25*M25 -> 70.766087
B26: DN40 | C26: Rockwool | E26: =Worksheet_Pipes!AZ202+Worksheet_Pipes!BJ147 -> 91.56 | F26: =((J26/2)^2*$G$1)-(((J26-K26)/2)^2*$G$1) -> 0.00214021 | G26: =F26*E26 -> 0.19595763 | J26: =K26+J15 -> 0.067 | K26: 0.025 | M26: 120 | N26: =G26*M26 -> 23.514915
B27: DN32 | C27: Rockwool | E27: =Worksheet_Pipes!AZ203+Worksheet_Pipes!BJ148 -> 97.02 | F27: =((J27/2)^2*$G$1)-(((J27-K27)/2)^2*$G$1) -> 0.0014137167 | G27: =F27*E27 -> 0.13715879 | J27: =K27+J16 -> 0.055 | K27: 0.02 | M27: 120 | N27: =G27*M27 -> 16.459055
B28: DN25 | C28: Rockwool | E28: =Worksheet_Pipes!AZ204+Worksheet_Pipes!BJ149 -> 91.935 | F28: =((J28/2)^2*$G$1)-(((J28-K28)/2)^2*$G$1) -> 0.0011938052 | G28: =F28*E28 -> 0.10975248 | J28: =K28+J17 -> 0.048 | K28: 0.02 | M28: 120 | N28: =G28*M28 -> 13.170298
B29: DN20 | C29: Rockwool | E29: =Worksheet_Pipes!AZ205+Worksheet_Pipes!BJ150 -> 87.92 | F29: =((J29/2)^2*$G$1)-(((J29-K29)/2)^2*$G$1) -> 0.0010053096 | G29: =F29*E29 -> 0.088386824 | J29: =K29+J18 -> 0.042 | K29: 0.02 | M29: 120 | N29: =G29*M29 -> 10.606419
B30: DN15 | C30: Rockwool | E30: =Worksheet_Pipes!AZ206+Worksheet_Pipes!BJ151 -> 11.695 | F30: =((J30/2)^2*$G$1)-(((J30-K30)/2)^2*$G$1) -> 0.00087964594 | G30: =F30*E30 -> 0.010287459 | J30: =K30+J19 -> 0.038 | K30: 0.02 | M30: 120 | N30: =G30*M30 -> 1.2344951
B31: DN12 | C31: Rockwool | E31: =Worksheet_Pipes!AZ207+Worksheet_Pipes!BJ152 -> 15.64 | F31: =((J31/2)^2*$G$1)-(((J31-K31)/2)^2*$G$1) -> 0.00078539816 | G31: =F31*E31 -> 0.012283627 | J31: =K31+J20 -> 0.035 | K31: 0.02 | M31: 120 | N31: =G31*M31 -> 1.4740353
A32: Heating: Pipe Insulation (floors) | B32: DN125 | C32: PE foam | E32: =Worksheet_Pipes!H27+Worksheet_Pipes!H60 -> 34.42 | F32: =((J32/2)^2*$G$1)-(((J32-K32)/2)^2*$G$1) -> 0.0044320018 | G32: =F32*E32 -> 0.1525495 | J32: =J10+K32 -> 0.158 | K32: 0.019 | M32: 29 | N32: =G32*M32 -> 4.4239356
B33: DN100 | C33: PE foam | E33: =Worksheet_Pipes!H28+Worksheet_Pipes!H61 -> 171.63 | F33: =((J33/2)^2*$G$1)-(((J33-K33)/2)^2*$G$1) -> 0.0035068028 | G33: =F33*E33 -> 0.60187256 | J33: =J11+K33 -> 0.127 | K33: 0.019 | M33: 29 | N33: =G33*M33 -> 17.454304
B34: DN80 | C34: PE foam | E34: =Worksheet_Pipes!H29+Worksheet_Pipes!H62 -> 13.09 | F34: =((J34/2)^2*$G$1)-(((J34-K34)/2)^2*$G$1) -> 0.0029367608 | G34: =F34*E34 -> 0.038442199 | J34: =J12+K34 -> 0.1079 | K34: 0.019 | M34: 29 | N34: =G34*M34 -> 1.1148238
B35: DN65 | C35: PE foam | E35: =Worksheet_Pipes!H30+Worksheet_Pipes!H63 -> 221.77 | F35: =((J35/2)^2*$G$1)-(((J35-K35)/2)^2*$G$1) -> 0.0025547431 | G35: =F35*E35 -> 0.56656539 | J35: =J13+K35 -> 0.0951 | K35: 0.019 | M35: 29 | N35: =G35*M35 -> 16.430396
B36: DN50 | C36: PE foam | E36: =Worksheet_Pipes!H31+Worksheet_Pipes!H64 -> 27.95 | F36: =((J36/2)^2*$G$1)-(((J36-K36)/2)^2*$G$1) -> 0.0012354313 | G36: =F36*E36 -> 0.034530305 | J36: =J14+K36 -> 0.067 | K36: 0.013 | M36: 29 | N36: =G36*M36 -> 1.0013788
B37: DN40 | C37: PE foam | E37: =Worksheet_Pipes!H32+Worksheet_Pipes!H65 -> 167.28 | F37: =((J37/2)^2*$G$1)-(((J37-K37)/2)^2*$G$1) -> 0.00099038708 | G37: =F37*E37 -> 0.16567195 | J37: =J15+K37 -> 0.055 | K37: 0.013 | M37: 29 | N37: =G37*M37 -> 4.8044866
B38: DN32 | C38: PE foam | E38: =Worksheet_Pipes!H33+Worksheet_Pipes!H66 -> 63.31 | F38: =((J38/2)^2*$G$1)-(((J38-K38)/2)^2*$G$1) -> 0.00084744462 | G38: =F38*E38 -> 0.053651719 | J38: =J16+K38 -> 0.048 | K38: 0.013 | M38: 29 | N38: =G38*M38 -> 1.5558998
B39: DN25 | C39: PE foam | E39: =Worksheet_Pipes!H34+Worksheet_Pipes!H67 -> 104.765 | F39: =((J39/2)^2*$G$1)-(((J39-K39)/2)^2*$G$1) -> 0.00045945793 | G39: =F39*E39 -> 0.04813511 | J39: =J17+K39 -> 0.037 | K39: 0.009 | M39: 29 | N39: =G39*M39 -> 1.3959182
B40: DN20 | C40: PE foam | E40: =Worksheet_Pipes!H35+Worksheet_Pipes!H68 -> 85.82 | F40: =((J40/2)^2*$G$1)-(((J40-K40)/2)^2*$G$1) -> 0.00037463492 | G40: =F40*E40 -> 0.032151169 | J40: =J18+K40 -> 0.031 | K40: 0.009 | M40: 29 | N40: =G40*M40 -> 0.93238391
B41: DN15 | C41: PE foam | E41: =Worksheet_Pipes!H36+Worksheet_Pipes!H69 -> 155.02 | F41: =((J41/2)^2*$G$1)-(((J41-K41)/2)^2*$G$1) -> 0.00031808626 | G41: =F41*E41 -> 0.049309731 | J41: =J19+K41 -> 0.027 | K41: 0.009 | M41: 29 | N41: =G41*M41 -> 1.4299822
B42: DN12 | C42: PE foam | E42: =Worksheet_Pipes!H37+Worksheet_Pipes!H70 -> 482.032 | F42: =((J42/2)^2*$G$1)-(((J42-K42)/2)^2*$G$1) -> 0.00027567476 | G42: =F42*E42 -> 0.13288405 | J42: =J20+K42 -> 0.024 | K42: 0.009 | M42: 29 | N42: =G42*M42 -> 3.8536376
A43: Cooling: Pipes | B43: DN125 | C43: C-Steel | E43: =Worksheet_Pipes!Y3 -> 29.99 | F43: =((J43/2)^2*$G$1)-(((J43-K43)/2)^2*$G$1) -> 0.00069064773 | G43: =F43*E43 -> 0.020712525 | J43: 0.139 | K43: 0.0032 | L43: 10.72 | N43: =L43*E43 -> 321.4928
B44: DN100 | C44: C-Steel | E44: =Worksheet_Pipes!Y4 -> 16.94 | F44: =((J44/2)^2*$G$1)-(((J44-K44)/2)^2*$G$1) -> 0.00033615041 | G44: =F44*E44 -> 0.005694388 | J44: 0.108 | K44: 0.002 | L44: 5.23 | N44: =L44*E44 -> 88.5962
B45: DN80 | C45: C-Steel | E45: =Worksheet_Pipes!Y5 -> 39.06 | F45: =((J45/2)^2*$G$1)-(((J45-K45)/2)^2*$G$1) -> 0.00027614599 | G45: =F45*E45 -> 0.010786263 | J45: 0.0889 | K45: 0.002 | L45: 4.29 | N45: =L45*E45 -> 167.5674
B46: DN65 | C46: C-Steel | E46: =Worksheet_Pipes!Y6 -> 285.89 | F46: =((J46/2)^2*$G$1)-(((J46-K46)/2)^2*$G$1) -> 0.00023593361 | G46: =F46*E46 -> 0.067451059 | J46: 0.0761 | K46: 0.002 | L46: 3.65 | N46: =L46*E46 -> 1043.4985
B47: DN50 | C47: C-Steel | E47: =Worksheet_Pipes!Y7 -> 77.96 | F47: =((J47/2)^2*$G$1)-(((J47-K47)/2)^2*$G$1) -> 0.00012546736 | G47: =F47*E47 -> 0.0097814351 | J47: 0.054 | K47: 0.0015 | L47: 1.94 | N47: =L47*E47 -> 151.2424
B48: DN40 | C48: C-Steel | E48: =Worksheet_Pipes!Y8 -> 160.534 | F48: =((J48/2)^2*$G$1)-(((J48-K48)/2)^2*$G$1) -> 9.7193023e-05 | G48: =F48*E48 -> 0.015602785 | J48: 0.042 | K48: 0.0015 | L48: 1.5 | N48: =L48*E48 -> 240.801
B49: DN32 | C49: C-Steel | E49: =Worksheet_Pipes!Y9 -> 21.223 | F49: =((J49/2)^2*$G$1)-(((J49-K49)/2)^2*$G$1) -> 8.0699661e-05 | G49: =F49*E49 -> 0.0017126889 | J49: 0.035 | K49: 0.0015 | L49: 1.24 | N49: =L49*E49 -> 26.31652
B50: DN25 | C50: C-Steel | E50: =Worksheet_Pipes!Y10 -> 42.563 | F50: =((J50/2)^2*$G$1)-(((J50-K50)/2)^2*$G$1) -> 6.42063e-05 | G50: =F50*E50 -> 0.0027328127 | J50: 0.028 | K50: 0.0015 | L50: 0.98 | N50: =L50*E50 -> 41.71174
B51: DN20 | C51: C-Steel | E51: =Worksheet_Pipes!Y11 -> 7.76 | F51: =((J51/2)^2*$G$1)-(((J51-K51)/2)^2*$G$1) -> 5.0069133e-05 | G51: =F51*E51 -> 0.00038853647 | J51: 0.022 | K51: 0.0015 | L51: 0.76 | N51: =L51*E51 -> 5.8976
B52: DN15 | C52: C-Steel | E52: =Worksheet_Pipes!Y12 -> 0 | F52: =((J52/2)^2*$G$1)-(((J52-K52)/2)^2*$G$1) -> 3.2798227e-05 | G52: =F52*E52 -> 0 | J52: 0.018 | K52: 0.0012 | L52: 0.5 | N52: =L52*E52 -> 0
B53: DN12 | C53: C-Steel | E53: =Worksheet_Pipes!Y13 -> 0 | F53: =((J53/2)^2*$G$1)-(((J53-K53)/2)^2*$G$1) -> 2.7143361e-05 | G53: =F53*E53 -> 0 | J53: 0.015 | K53: 0.0012 | L53: 0.41 | N53: =L53*E53 -> 0
A54: Cooling: Pipe Insulation (shaft+floor) | B54: DN125 | C54: Armaflex / Kautschuck | E54: =Worksheet_Pipes!H42+Worksheet_Pipes!BJ158+Worksheet_Pipes!AZ213 -> 29.99 | F54: =((J54/2)^2*$G$1)-(((J54-K54)/2)^2*$G$1) -> 0.0099902646 | G54: =F54*E54 -> 0.29960804 | J54: =J10+K54 -> 0.179 | K54: 0.04 | M54: 80 | N54: =G54*M54 -> 23.968643
B55: DN100 | C55: Armaflex / Kautschuck | E55: =Worksheet_Pipes!H43+Worksheet_Pipes!BJ159+Worksheet_Pipes!AZ214 -> 16.94 | F55: =((J55/2)^2*$G$1)-(((J55-K55)/2)^2*$G$1) -> 0.0080424772 | G55: =F55*E55 -> 0.13623956 | J55: =J11+K55 -> 0.148 | K55: 0.04 | M55: 80 | N55: =G55*M55 -> 10.899165
B56: DN80 | C56: Armaflex / Kautschuck | E56: =Worksheet_Pipes!H44+Worksheet_Pipes!BJ160+Worksheet_Pipes!AZ215 -> 39.06 | F56: =((J56/2)^2*$G$1)-(((J56-K56)/2)^2*$G$1) -> 0.0068423888 | G56: =F56*E56 -> 0.26726371 | J56: =J12+K56 -> 0.1289 | K56: 0.04 | M56: 80 | N56: =G56*M56 -> 21.381097
B57: DN65 | C57: Armaflex / Kautschuck | E57: =Worksheet_Pipes!H45+Worksheet_Pipes!BJ161+Worksheet_Pipes!AZ216 -> 285.89 | F57: =((J57/2)^2*$G$1)-(((J57-K57)/2)^2*$G$1) -> 0.0060381411 | G57: =F57*E57 -> 1.7262442 | J57: =J13+K57 -> 0.1161 | K57: 0.04 | M57: 80 | N57: =G57*M57 -> 138.09953
B58: DN50 | C58: Armaflex / Kautschuck | E58: =Worksheet_Pipes!H46+Worksheet_Pipes!BJ162+Worksheet_Pipes!AZ217 -> 77.96 | F58: =((J58/2)^2*$G$1)-(((J58-K58)/2)^2*$G$1) -> 0.0032515484 | G58: =F58*E58 -> 0.25349071 | J58: =J14+K58 -> 0.084 | K58: 0.03 | M58: 80 | N58: =G58*M58 -> 20.279257
B59: DN40 | C59: Armaflex / Kautschuck | E59: =Worksheet_Pipes!H47+Worksheet_Pipes!BJ163+Worksheet_Pipes!AZ218 -> 160.534 | F59: =((J59/2)^2*$G$1)-(((J59-K59)/2)^2*$G$1) -> 0.0026860617 | G59: =F59*E59 -> 0.43120423 | J59: =J15+K59 -> 0.072 | K59: 0.03 | M59: 80 | N59: =G59*M59 -> 34.496339
B60: DN32 | C60: Armaflex / Kautschuck | E60: =Worksheet_Pipes!H48+Worksheet_Pipes!BJ164+Worksheet_Pipes!AZ219 -> 21.223 | F60: =((J60/2)^2*$G$1)-(((J60-K60)/2)^2*$G$1) -> 0.0023561945 | G60: =F60*E60 -> 0.050005516 | J60: =J16+K60 -> 0.065 | K60: 0.03 | M60: 80 | N60: =G60*M60 -> 4.0004413
B61: DN25 | C61: Armaflex / Kautschuck | E61: =Worksheet_Pipes!H49+Worksheet_Pipes!BJ165+Worksheet_Pipes!AZ220 -> 42.563 | F61: =((J61/2)^2*$G$1)-(((J61-K61)/2)^2*$G$1) -> 0.0015904313 | G61: =F61*E61 -> 0.067693527 | J61: =J17+K61 -> 0.053 | K61: 0.025 | M61: 80 | N61: =G61*M61 -> 5.4154821
B62: DN20 | C62: Armaflex / Kautschuck | E62: =Worksheet_Pipes!H50+Worksheet_Pipes!BJ166+Worksheet_Pipes!AZ221 -> 7.76 | F62: =((J62/2)^2*$G$1)-(((J62-K62)/2)^2*$G$1) -> 0.0013548118 | G62: =F62*E62 -> 0.01051334 | J62: =J18+K62 -> 0.047 | K62: 0.025 | M62: 80 | N62: =G62*M62 -> 0.84106719
B63: DN15 | C63: Armaflex / Kautschuck | E63: =Worksheet_Pipes!H51+Worksheet_Pipes!BJ167+Worksheet_Pipes!AZ222 -> 0 | F63: =((J63/2)^2*$G$1)-(((J63-K63)/2)^2*$G$1) -> 0.0011977322 | G63: =F63*E63 -> 0 | J63: =J19+K63 -> 0.043 | K63: 0.025 | M63: 80 | N63: =G63*M63 -> 0
B64: DN12 | C64: Armaflex / Kautschuck | E64: =Worksheet_Pipes!H52+Worksheet_Pipes!BJ168+Worksheet_Pipes!AZ223 -> 0 | F64: =((J64/2)^2*$G$1)-(((J64-K64)/2)^2*$G$1) -> 0.0010799225 | G64: =F64*E64 -> 0 | J64: =J20+K64 -> 0.04 | K64: 0.025 | M64: 80 | N64: =G64*M64 -> 0
I65: Length | J65: Width | K65: Depth | L65: Quantity
A66: BKT: heating circuit distributor | B66: 5 Abgänge | C66: Steel | G66: =I66*J66*K66*L66*0.02 -> 0.00338013 | I66: 0.535 | J66: 0.39 | K66: 0.135 | L66: 6 | M66: 8000 | N66: =G66*M66 -> 27.04104
B67: 4 Abgänge | C67: Steel | G67: =I67*J67*K67*L67*0.02 -> 0.00899262 | I67: 0.61 | J67: 0.39 | K67: 0.135 | L67: 14 | M67: 8000 | N67: =G67*M67 -> 71.94096
B68: 3 Abgänge | C68: Steel | G68: =I68*J68*K68*L68*0.02 -> 0.0024219 | I68: 0.46 | J68: 0.39 | K68: 0.135 | L68: 5 | M68: 8000 | N68: =G68*M68 -> 19.3752
B69: 2 Abgänge | C69: Steel | G69: =I69*J69*K69*L69*0.02 -> 0.002837835 | I69: 0.385 | J69: 0.39 | K69: 0.135 | L69: 7 | M69: 8000 | N69: =G69*M69 -> 22.70268
A70: UG Distributor | B70: Heating | C70: Steel | G70: =I70*J70*K70*L70*0.02 -> 0.0040875 | I70: 3.27 | J70: 0.25 | K70: 0.25 | L70: 1 | M70: 8000 | N70: =G70*M70 -> 32.7
B71: Cooling | C71: Steel | G71: =I71*J71*K71*L71*0.02 -> 0.0037 | I71: 2.96 | J71: 0.25 | K71: 0.25 | L71: 1 | M71: 8000 | N71: =G71*M71 -> 29.6
A72: EG Convectors | B72: Bodenwanne | C72: galvanized sheet steel | G72: =Worksheet_Pipes!Z71 -> 0.20835 | M72: 7800 | N72: =G72*M72 -> 1625.13
B73: Roll-up Grille | C73: Aluminium | G73: =Worksheet_Pipes!AA71 -> 0.03159 | M73: 2700 | N73: =G73*M73 -> 85.293
A74: Zuluftmodul | B74: Lochblech | C74: Steel | G74: =Worksheet_Pipes!AB71 -> 0.001722 | M74: 8000 | N74: =G74*M74 -> 13.776
B75: Filter | C75: Polyamid | G75: =Worksheet_Pipes!AC71 -> 0.005166 | M75: 1140 | N75: =G75*M75 -> 5.88924
A76: Convector | B76: High Performance Convector | C76: Copper/Aluminium Combination | G76: =Worksheet_Pipes!AD71 -> 0.9634 | M76: 2800 | N76: =G76*M76 -> 2697.52
A79: LCA of Heating
B80: Material | C80: kgCO2eq | D80: kg
A81: Concrete Core Actiation | B81: Polyethylene | C81: =N9*'GWP2013'!E5+I81 -> 21787.352 | D81: =N9 -> 6790.4 | G81: BKT: heating circuit distributor | H81: Steel | I81: =SUM(N66:N71)*'GWP2013'!C6 -> 439.01331
A82: Heating: Pipes | B82: C-Steel | C82: =SUM(N10:N20)*'GWP2013'!C4 -> 22534.698 | D82: =SUM(N10:N20)+I81 -> 4848.0718
A83: Heating: Pipe Insulation (shaft) | B83: Rockwool | C83: =SUM(N21:N31)*'GWP2013'!C3 -> 237.96265 | D83: =SUM(N21:N31) -> 219.52274
A84: Heating: Pipe Insulation (floors) | B84: PE foam | C84: =SUM(N32:N42)*'GWP2013'!C2 -> 212.31207 | D84: =SUM(N32:N42) -> 54.397147
A85: EG Convector | C85: =N72*'GWP2013'!C7+Heating!N73*'GWP2013'!C14+Heating!N74*'GWP2013'!C6+Heating!N75*'GWP2013'!C16+Heating!N76*'GWP2013'!C8 -> 32294.408 | E85: =SUM(D81:D84) -> 11912.392
B87: Aluminium | C87: =D87*'GWP2013'!C14 -> 1666.7958 | D87: =N73 -> 85.293
B88: Steel | C88: =N74*'GWP2013'!C6+Heating!N72*'GWP2013'!C7 -> 8335.7791 | D88: =N74+N72 -> 1638.906
B89: Polyamid | C89: =D89*'GWP2013'!C16 -> 50.241695 | D89: =N75 -> 5.88924
B90: Copper/Aluminium | C90: =D90*'GWP2013'!C8 -> 22241.592 | D90: =N76 -> 2697.52
A91: Total | C91: =SUM(C81:C85) -> 77066.733 | D91: =SUM(D81:D90) -> 16340 | E91: =SUM(D87:D90) -> 4427.6082

Sheet Cooling
A1: System | B1: Quantum Air Chiller | F1: pi | G1: 3.1415927 | M1: Engie - Maßstab moderner Kälteerzeugung
A2: Energy | B2: Electricity | M2: Die neue Generation luftgekühlter QUANTUM-Kältemaschinen
A3: Cooled area | B3: 297.1 | N3: width | O3: length | P3: thickness
M4: Frame | N4: 0.077 | P4: 0.01
A7: Composition of the System
B8: Element | C8: Material | D8: Quantity | E8: Amount | F8: Unit | G8: Width [m] | H8: Length | I8: Height [m] | J8: Volume [m3] | L8: Diameter [m] | M8: Thickness | N8: kg/m | O8: kg/m3 | P8: kg
A9: Air Chiller | B9: Ventilator | C9: Steel | D9: 10 | E9: 10 | F9: no | L9: 0.92
B10: Frame (upper) | C10: Steel | D10: 1 | G10: 2.279 | H10: 7.921 | I10: 0.08
B11: Frame (lower) | C11: Steel | D11: 1 | G11: 2.279 | H11: 7.921
B12: Control Panel | D12: 1
B13: Electrical Cabinet | C13: Aluminium | D13: 1 | G13: 0.3 | H13: 2.04 | I13: 1.07
B14: Compressor | G14: 0.52 | I14: 1
B15: Economizer | C15: Steel | D15: 1
B16: Shell and Tube evaporator | C16: Steel | D16: 1 | H16: 3.5 | L16: 0.5
B17: Condenser-Modules (air cooled) | C17: Steel | D17: 7 | G17: 2.23 | H17: 1.05 | I17: 1.16 | L17: Triangle
B18: Condenserlegs | C18: Steel | D18: 14
B19: Refrigerant | C19: R-1234ze | E19: 245 | F19: kg | P19: 245
B20: Betriebsgwicht (Total) | P20: 5465
A21: Pipes vertical | B21: DN 150 | C21: Steel | E21: 48.8 | F21: m | J21: =#REF!*E21 -> #REF! | L21: 0.168 | M21: 0.0032 | N21: 13.01 | P21: =N21*E21 -> 634.888
A22: Pipes horizontal | B22: DN 150 | C22: Steel | E22: 32.12 | F22: m | L22: 0.168 | M22: 0.0032 | N22: 13.01 | P22: =N22*E22 -> 417.8812
A23: Heat Exchanger | B23: Plate | C23: Stainless Steel | E23: 90 | F23: no
B24: Frame | C24: Steel (P355GH)
B25: Seal | C25: Nitrile Butadiene Rubber
B26: Total | P26: 668
A27: Fancoil | B27: 60x60 | D27: 26 | E27: 24 | F27: kg | P27: =E27*D27 -> 624
B28: 84x84 | D28: 18 | E28: 48 | F28: kg | P28: =D28*E28 -> 864
B29: Element | C29: Material | D29: Length [m/m2] | E29: Total Length | F29: Section [m2] | G29: Volume [m3] | I29: Special | J29: Diameter [m] | K29: Thickness | L29: kg/m | M29: kg/m3 | N29: kg
A30: Cooling: Pipes | B30: DN125 | C30: C-Steel | E30: =Worksheet_Pipes!Y3 -> 29.99 | F30: =((J30/2)^2*$G$1)-(((J30-K30)/2)^2*$G$1) -> 0.00069064773 | G30: =F30*E30 -> 0.020712525 | J30: 0.139 | K30: 0.0032 | L30: 10.72 | N30: =L30*E30 -> 321.4928
B31: DN100 | C31: C-Steel | E31: =Worksheet_Pipes!Y4 -> 16.94 | F31: =((J31/2)^2*$G$1)-(((J31-K31)/2)^2*$G$1) -> 0.00033615041 | G31: =F31*E31 -> 0.005694388 | J31: 0.108 | K31: 0.002 | L31: 5.23 | N31: =L31*E31 -> 88.5962
B32: DN80 | C32: C-Steel | E32: =Worksheet_Pipes!Y5 -> 39.06 | F32: =((J32/2)^2*$G$1)-(((J32-K32)/2)^2*$G$1) -> 0.00027614599 | G32: =F32*E32 -> 0.010786263 | J32: 0.0889 | K32: 0.002 | L32: 4.29 | N32: =L32*E32 -> 167.5674
B33: DN65 | C33: C-Steel | E33: =Worksheet_Pipes!Y6 -> 285.89 | F33: =((J33/2)^2*$G$1)-(((J33-K33)/2)^2*$G$1) -> 0.00023593361 | G33: =F33*E33 -> 0.067451059 | J33: 0.0761 | K33: 0.002 | L33: 3.65 | N33: =L33*E33 -> 1043.4985
B34: DN50 | C34: C-Steel | E34: =Worksheet_Pipes!Y7 -> 77.96 | F34: =((J34/2)^2*$G$1)-(((J34-K34)/2)^2*$G$1) -> 0.00012546736 | G34: =F34*E34 -> 0.0097814351 | J34: 0.054 | K34: 0.0015 | L34: 1.94 | N34: =L34*E34 -> 151.2424
B35: DN40 | C35: C-Steel | E35: =Worksheet_Pipes!Y8 -> 160.534 | F35: =((J35/2)^2*$G$1)-(((J35-K35)/2)^2*$G$1) -> 9.7193023e-05 | G35: =F35*E35 -> 0.015602785 | J35: 0.042 | K35: 0.0015 | L35: 1.5 | N35: =L35*E35 -> 240.801
B36: DN32 | C36: C-Steel | E36: =Worksheet_Pipes!Y9 -> 21.223 | F36: =((J36/2)^2*$G$1)-(((J36-K36)/2)^2*$G$1) -> 8.0699661e-05 | G36: =F36*E36 -> 0.0017126889 | J36: 0.035 | K36: 0.0015 | L36: 1.24 | N36: =L36*E36 -> 26.31652
B37: DN25 | C37: C-Steel | E37: =Worksheet_Pipes!Y10 -> 42.563 | F37: =((J37/2)^2*$G$1)-(((J37-K37)/2)^2*$G$1) -> 6.42063e-05 | G37: =F37*E37 -> 0.0027328127 | J37: 0.028 | K37: 0.0015 | L37: 0.98 | N37: =L37*E37 -> 41.71174
B38: DN20 | C38: C-Steel | E38: =Worksheet_Pipes!Y11 -> 7.76 | F38: =((J38/2)^2*$G$1)-(((J38-K38)/2)^2*$G$1) -> 5.0069133e-05 | G38: =F38*E38 -> 0.00038853647 | J38: 0.022 | K38: 0.0015 | L38: 0.76 | N38: =L38*E38 -> 5.8976
B39: DN15 | C39: C-Steel | E39: =Worksheet_Pipes!Y12 -> 0 | F39: =((J39/2)^2*$G$1)-(((J39-K39)/2)^2*$G$1) -> 3.2798227e-05 | G39: =F39*E39 -> 0 | J39: 0.018 | K39: 0.0012 | L39: 0.5 | N39: =L39*E39 -> 0
B40: DN12 | C40: C-Steel | E40: =Worksheet_Pipes!Y13 -> 0 | F40: =((J40/2)^2*$G$1)-(((J40-K40)/2)^2*$G$1) -> 2.7143361e-05 | G40: =F40*E40 -> 0 | J40: 0.015 | K40: 0.0012 | L40: 0.41 | N40: =L40*E40 -> 0
A41: Cooling: Pipe Insulation (shaft+floor) | B41: DN125 | C41: Armaflex / Kautschuck | E41: =Worksheet_Pipes!Y3 -> 29.99 | F41: =((J41/2)^2*$G$1)-(((J41-K41)/2)^2*$G$1) -> 0.0099902646 | G41: =F41*E41 -> 0.29960804 | J41: =J30+K41 -> 0.179 | K41: 0.04 | M41: 80 | N41: =G41*M41 -> 23.968643
B42: DN100 | C42: Armaflex / Kautschuck | E42: =Worksheet_Pipes!Y4 -> 16.94 | F42: =((J42/2)^2*$G$1)-(((J42-K42)/2)^2*$G$1) -> 0.0080424772 | G42: =F42*E42 -> 0.13623956 | J42: =J31+K42 -> 0.148 | K42: 0.04 | M42: 80 | N42: =G42*M42 -> 10.899165
B43: DN80 | C43: Armaflex / Kautschuck | E43: =Worksheet_Pipes!Y5 -> 39.06 | F43: =((J43/2)^2*$G$1)-(((J43-K43)/2)^2*$G$1) -> 0.0068423888 | G43: =F43*E43 -> 0.26726371 | J43: =J32+K43 -> 0.1289 | K43: 0.04 | M43: 80 | N43: =G43*M43 -> 21.381097
B44: DN65 | C44: Armaflex / Kautschuck | E44: =Worksheet_Pipes!Y6 -> 285.89 | F44: =((J44/2)^2*$G$1)-(((J44-K44)/2)^2*$G$1) -> 0.0060381411 | G44: =F44*E44 -> 1.7262442 | J44: =J33+K44 -> 0.1161 | K44: 0.04 | M44: 80 | N44: =G44*M44 -> 138.09953
B45: DN50 | C45: Armaflex / Kautschuck | E45: =Worksheet_Pipes!Y7 -> 77.96 | F45: =((J45/2)^2*$G$1)-(((J45-K45)/2)^2*$G$1) -> 0.0032515484 | G45: =F45*E45 -> 0.25349071 | J45: =J34+K45 -> 0.084 | K45: 0.03 | M45: 80 | N45: =G45*M45 -> 20.279257
B46: DN40 | C46: Armaflex / Kautschuck | E46: =Worksheet_Pipes!Y8 -> 160.534 | F46: =((J46/2)^2*$G$1)-(((J46-K46)/2)^2*$G$1) -> 0.0026860617 | G46: =F46*E46 -> 0.43120423 | J46: =J35+K46 -> 0.072 | K46: 0.03 | M46: 80 | N46: =G46*M46 -> 34.496339
B47: DN32 | C47: Armaflex / Kautschuck | E47: =Worksheet_Pipes!Y9 -> 21.223 | F47: =((J47/2)^2*$G$1)-(((J47-K47)/2)^2*$G$1) -> 0.0023561945 | G47: =F47*E47 -> 0.050005516 | J47: =J36+K47 -> 0.065 | K47: 0.03 | M47: 80 | N47: =G47*M47 -> 4.0004413
B48: DN25 | C48: Armaflex / Kautschuck | E48: =Worksheet_Pipes!Y10 -> 42.563 | F48: =((J48/2)^2*$G$1)-(((J48-K48)/2)^2*$G$1) -> 0.0015904313 | G48: =F48*E48 -> 0.067693527 | J48: =J37+K48 -> 0.053 | K48: 0.025 | M48: 80 | N48: =G48*M48 -> 5.4154821
B49: DN20 | C49: Armaflex / Kautschuck | E49: =Worksheet_Pipes!Y11 -> 7.76 | F49: =((J49/2)^2*$G$1)-(((J49-K49)/2)^2*$G$1) -> 0.0013548118 | G49: =F49*E49 -> 0.01051334 | J49: =J38+K49 -> 0.047 | K49: 0.025 | M49: 80 | N49: =G49*M49 -> 0.84106719
B50: DN15 | C50: Armaflex / Kautschuck | E50: =Worksheet_Pipes!Y12 -> 0 | F50: =((J50/2)^2*$G$1)-(((J50-K50)/2)^2*$G$1) -> 0.0011977322 | G50: =F50*E50 -> 0 | J50: =J39+K50 -> 0.043 | K50: 0.025 | M50: 80 | N50: =G50*M50 -> 0
B51: DN12 | C51: Armaflex / Kautschuck | E51: =Worksheet_Pipes!Y13 -> 0 | F51: =((J51/2)^2*$G$1)-(((J51-K51)/2)^2*$G$1) -> 0.0010799225 | G51: =F51*E51 -> 0 | J51: =J40+K51 -> 0.04 | K51: 0.025 | M51: 80 | N51: =G51*M51 -> 0
A54: LCA of Cooling
B55: Material | C55: kgCO2eq | D55: kg
A56: Air Chiller | B56: Steel/Aluminium | C56: =P20*'GWP2013'!C17/1000 -> 1797.4385 | D56: =P20 -> 5465
B57: Refrigerant | C57: =P19*'GWP2013'!C9 -> 4313.47 | D57: =E19 -> 245
B58: Steel (Pipes) | C58: =SUM(P21:P22)*'GWP2013'!C4 -> 5380.7034 | D58: =SUM(P21:P22) -> 1052.7692
A59: Cooling: Pipes | B59: C-Steel | C59: =SUM(N30:N40)*'GWP2013'!C4 -> 10667.292 | D59: =SUM(N30:N40) -> 2087.1242
A60: Cooling: Insulation Pipes | B60: Armaflex | C60: =SUM(N41:N50)*'GWP2013'!C15 -> 724.4512 | D60: =SUM(N41:N51) -> 259.38102
A61: Heat Exchanger | B61: Steel | C61: =P26*'GWP2013'!C6 -> 1442.0784 | D61: =SUM(P26) -> 668
A62: Fancoil | B62: steel | C62: =SUM(P27:P28)*'GWP2013'!C18 -> 3212.2944 | D62: =SUM(P27:P28) -> 1488
A64: Total | C64: =SUM(C56:C62) -> 27537.727 | D64: =SUM(D56:D62) -> 11265.274

Sheet Ventilation
A1: System | B1: AL-KO AT4 | H1: pi | I1: 3.1415927 | M1: https://alko-airtechnology.com/en/product/al-ko-the-at4-series-your-individual-ventilation-devices/
A2: Energy | B2: Electricity
A3: Room | B3: Openplan Office
A4: Roomarea | B4: 297.1
A7: Composition of the System
B8: Element | C8: Material | D8: Width | E8: Height | F8: Length | G8: Quantity | H8: Thickness | I8: Volume total [m3] | J8: kg/m3 | K8: kg
A9: AL-KO | B9: BF5 - 1a - Büro - LV | C9: Steel | E9: 2.83 | F9: 9.793 | K9: 805
K10: 780
K11: 691
K12: 721
K13: 780
K14: 753
K15: 707
B16: BF5 - 1b Büro | K16: 944
K17: 998
K18: 1193
K19: 687
K20: 849
K21: 802
K22: 998
K23: 1014
B24: BF5 - 1.1 Nebenräume | K24: 395
K25: 330
K26: 313
K27: 417
K28: 330
K29: 512
B30: BF5 - 2.0 Büro Ost - 1 | K30: 1160
K31: 998
K32: 944
K33: 1014
K34: 998
K35: 770
K36: 808
K37: 687
B38: BF5 -2.1 WC Ost-1 | K38: 205
K39: 275
K40: 290
K41: 394
K42: 275
K43: 305
B44: Total | K44: =SUM(K9:K43) -> 24142
D46: 0.35 | E46: 0.37 | F46: 0.38 | G46: 2
A47: Ducts Roof | C47: Steel | D47: =Worksheet_Ducts!G27 -> 1.66 | E47: =Worksheet_Ducts!H27 -> 1.33 | F47: =Worksheet_Ducts!I27 -> 3 | H47: 0.0015 | I47: =D47*E47*F47-((D47-H47*2)*(F47-H47*2)*E47) -> 0.01858143 | J47: 8000 | K47: =I47*J47 -> 148.65144
C48: Steel | D48: =Worksheet_Ducts!G28 -> 1.8 | E48: =Worksheet_Ducts!H28 -> 1.2 | F48: =Worksheet_Ducts!I28 -> 13.4 | H48: 0.0015 | I48: =D48*E48*F48-((D48-H48*2)*(F48-H48*2)*E48) -> 0.0547092 | J48: 8000 | K48: =I48*J48 -> 437.6736
C49: Steel | D49: =Worksheet_Ducts!G29 -> 1 | E49: =Worksheet_Ducts!H29 -> 0.5 | F49: =Worksheet_Ducts!I29 -> 57.1 | H49: 0.0013 | I49: =D49*E49*F49-((D49-H49*2)*(F49-H49*2)*E49) -> 0.07552662 | J49: 8000 | K49: =I49*J49 -> 604.21296
C50: Steel | D50: =Worksheet_Ducts!G30 -> 0.7 | E50: =Worksheet_Ducts!H30 -> 1.56 | F50: =Worksheet_Ducts!I30 -> 54.88 | H50: 0.0012 | I50: =D50*E50*F50-((D50-H50*2)*(F50-H50*2)*E50) -> 0.20808253 | J50: 8000 | K50: =I50*J50 -> 1664.6603
C51: Steel | D51: =Worksheet_Ducts!G31 -> 0.5 | E51: =Worksheet_Ducts!H31 -> 0.5 | F51: =Worksheet_Ducts!I31 -> 39.86 | H51: 0.0011 | I51: =D51*E51*F51-((D51-H51*2)*(F51-H51*2)*E51) -> 0.04439358 | J51: 8000 | K51: =I51*J51 -> 355.14864
C52: Steel | D52: =Worksheet_Ducts!G32 -> 0.5 | E52: =Worksheet_Ducts!H32 -> 0.2 | F52: =Worksheet_Ducts!I32 -> 165.64 | H52: 0.0011 | I52: =D52*E52*F52-((D52-H52*2)*(F52-H52*2)*E52) -> 0.073100632 | J52: 8000 | K52: =I52*J52 -> 584.80506
A54: Ducts horizontal | C54: Steel | D54: =Worksheet_Ducts!AO48 -> 0.55 | E54: =Worksheet_Ducts!AP48 -> 0.35 | F54: =Worksheet_Ducts!AQ48 -> 13.525 | H54: 0.0011 | I54: =D54*E54*F54-((D54-H54*2)*(F54-H54*2)*E54) -> 0.010836056 | J54: 8000 | K54: =I54*J54 -> 86.688448
C55: Steel | D55: =Worksheet_Ducts!AO49 -> 0.55 | E55: =Worksheet_Ducts!AP49 -> 0.3 | F55: =Worksheet_Ducts!AQ49 -> 8.6019 | H55: 0.0011 | I55: =D55*E55*F55-((D55-H55*2)*(F55-H55*2)*E55) -> 0.006038802 | J55: 8000 | K55: =I55*J55 -> 48.310416
C56: Steel | D56: =Worksheet_Ducts!AO50 -> 0.55 | E56: =Worksheet_Ducts!AP50 -> 0.15 | F56: =Worksheet_Ducts!AQ50 -> 3.4083 | H56: 0.0011 | I56: =D56*E56*F56-((D56-H56*2)*(F56-H56*2)*E56) -> 0.001305513 | J56: 8000 | K56: =I56*J56 -> 10.444104
C57: Steel | D57: =Worksheet_Ducts!AO51 -> 0.5 | E57: =Worksheet_Ducts!AP51 -> 0.3 | F57: =Worksheet_Ducts!AQ51 -> 43.0636 | H57: 0.0011 | I57: =D57*E57*F57-((D57-H57*2)*(F57-H57*2)*E57) -> 0.028750524 | J57: 8000 | K57: =I57*J57 -> 230.00419
C58: Steel | D58: =Worksheet_Ducts!AO52 -> 0.5 | E58: =Worksheet_Ducts!AP52 -> 0.25 | F58: =Worksheet_Ducts!AQ52 -> 71.4661 | H58: 0.0011 | I58: =D58*E58*F58-((D58-H58*2)*(F58-H58*2)*E58) -> 0.039580145 | J58: 8000 | K58: =I58*J58 -> 316.64116
C59: Steel | D59: =Worksheet_Ducts!AO53 -> 0.5 | E59: =Worksheet_Ducts!AP53 -> 0.15 | F59: =Worksheet_Ducts!AQ53 -> 46.7965 | H59: 0.0011 | I59: =D59*E59*F59-((D59-H59*2)*(F59-H59*2)*E59) -> 0.015607119 | J59: 8000 | K59: =I59*J59 -> 124.85695
C60: Steel | D60: =Worksheet_Ducts!AO54 -> 0.4 | E60: =Worksheet_Ducts!AP54 -> 0.3 | F60: =Worksheet_Ducts!AQ54 -> 77.5794 | H60: 0.0011 | I60: =D60*E60*F60-((D60-H60*2)*(F60-H60*2)*E60) -> 0.051464952 | J60: 8000 | K60: =I60*J60 -> 411.71962
C61: Steel | D61: =Worksheet_Ducts!AO55 -> 0.4 | E61: =Worksheet_Ducts!AP55 -> 0.15 | F61: =Worksheet_Ducts!AQ55 -> 121.5627 | H61: 0.001 | I61: =D61*E61*F61-((D61-H61*2)*(F61-H61*2)*E61) -> 0.03658821 | J61: 8000 | K61: =I61*J61 -> 292.70568
C62: Steel | D62: =Worksheet_Ducts!AO56 -> 0.35 | E62: =Worksheet_Ducts!AP56 -> 0.15 | F62: =Worksheet_Ducts!AQ56 -> 58.6985 | H62: 0.001 | I62: =D62*E62*F62-((D62-H62*2)*(F62-H62*2)*E62) -> 0.01771395 | J62: 8000 | K62: =I62*J62 -> 141.7116
C63: Steel | D63: =Worksheet_Ducts!AO57 -> 0.3 | E63: =Worksheet_Ducts!AP57 -> 0.3 | F63: =Worksheet_Ducts!AQ57 -> 14.9316 | H63: 0.001 | I63: =D63*E63*F63-((D63-H63*2)*(F63-H63*2)*E63) -> 0.00913776 | J63: 8000 | K63: =I63*J63 -> 73.10208
C64: Steel | D64: =Worksheet_Ducts!AO58 -> 0.3 | E64: =Worksheet_Ducts!AP58 -> 0.25 | F64: =Worksheet_Ducts!AQ58 -> 45.444 | H64: 0.001 | I64: =D64*E64*F64-((D64-H64*2)*(F64-H64*2)*E64) -> 0.022871 | J64: 8000 | K64: =I64*J64 -> 182.968
C65: Steel | D65: =Worksheet_Ducts!AO59 -> 0.3 | E65: =Worksheet_Ducts!AP59 -> 0.2 | F65: =Worksheet_Ducts!AQ59 -> 45.3358 | H65: 0.001 | I65: =D65*E65*F65-((D65-H65*2)*(F65-H65*2)*E65) -> 0.01825352 | J65: 8000 | K65: =I65*J65 -> 146.02816
C66: Steel | D66: =Worksheet_Ducts!AO60 -> 0.3 | E66: =Worksheet_Ducts!AP60 -> 0.15 | F66: =Worksheet_Ducts!AQ60 -> 149.857 | H66: 0.001 | I66: =D66*E66*F66-((D66-H66*2)*(F66-H66*2)*E66) -> 0.0450465 | J66: 8000 | K66: =I66*J66 -> 360.372
C67: Steel | D67: =Worksheet_Ducts!AO61 -> 0.25 | E67: =Worksheet_Ducts!AP61 -> 0.25 | F67: =Worksheet_Ducts!AQ61 -> 12.3348 | H67: 0.001 | I67: =D67*E67*F67-((D67-H67*2)*(F67-H67*2)*E67) -> 0.0062914 | J67: 8000 | K67: =I67*J67 -> 50.3312 | M67: 0.0008
C68: Steel | D68: =Worksheet_Ducts!AO62 -> 0.25 | E68: =Worksheet_Ducts!AP62 -> 0.15 | F68: =Worksheet_Ducts!AQ62 -> 140.2813 | H68: 0.001 | I68: =D68*E68*F68-((D68-H68*2)*(F68-H68*2)*E68) -> 0.04215879 | J68: 8000 | K68: =I68*J68 -> 337.27032 | M68: 0.0009
C69: Steel | D69: =Worksheet_Ducts!AO63 -> 0.2 | E69: =Worksheet_Ducts!AP63 -> 0.2 | F69: =Worksheet_Ducts!AQ63 -> 74.8744 | H69: 0.001 | I69: =D69*E69*F69-((D69-H69*2)*(F69-H69*2)*E69) -> 0.03002896 | J69: 8000 | K69: =I69*J69 -> 240.23168 | M69: 0.001
C70: Steel | D70: =Worksheet_Ducts!AO64 -> 0.25 | E70: =Worksheet_Ducts!AP64 -> 0 | F70: =Worksheet_Ducts!AQ64 -> 548.9527 | H70: 0.0009 | I70: =(((D70/2)^2*$I$1)-(((D70-H70)/2)^2*$I$1))*F70 -> 0.19366667 | J70: 8000 | K70: =I70*J70 -> 1549.3334 | M70: 0.0011
C71: Steel | D71: =Worksheet_Ducts!AO65 -> 0.2 | E71: =Worksheet_Ducts!AP65 -> 0 | F71: =Worksheet_Ducts!AQ65 -> 408.8337 | H71: 0.0009 | I71: =(((D71/2)^2*$I$1)-(((D71-H71)/2)^2*$I$1))*F71 -> 0.11533492 | J71: 8000 | K71: =I71*J71 -> 922.67933 | M71: 0.0012
C72: Steel | D72: =Worksheet_Ducts!AO66 -> 0.16 | E72: =Worksheet_Ducts!AP66 -> 0 | F72: =Worksheet_Ducts!AQ66 -> 618.3089 | H72: 0.0008 | I72: =(((D72/2)^2*$I$1)-(((D72-H72)/2)^2*$I$1))*F72 -> 0.12400758 | J72: 8000 | K72: =I72*J72 -> 992.06068 | M72: 0.0013
C73: Steel | D73: =Worksheet_Ducts!AO67 -> 0.125 | E73: =Worksheet_Ducts!AP67 -> 0 | F73: =Worksheet_Ducts!AQ67 -> 2884.5038 | H73: 0.0008 | I73: =(((D73/2)^2*$I$1)-(((D73-H73)/2)^2*$I$1))*F73 -> 0.45164689 | J73: 8000 | K73: =I73*J73 -> 3613.1751 | M73: 0.0014
C74: Steel | D74: =Worksheet_Ducts!AO68 -> 0.1 | E74: =Worksheet_Ducts!AP68 -> 0 | F74: =Worksheet_Ducts!AQ68 -> 295.4401 | H74: 0.0008 | I74: =(((D74/2)^2*$I$1)-(((D74-H74)/2)^2*$I$1))*F74 -> 0.036977594 | J74: 8000 | K74: =I74*J74 -> 295.82075 | M74: 0.0015
A75: Ducts vertical | C75: Steel | D75: =Worksheet_Ducts!Y125 -> 1.1 | E75: =Worksheet_Ducts!Z125 -> 0.55 | F75: =Worksheet_Ducts!AA125 -> 12.01 | H75: 0.0013 | I75: =D75*E75*F75-((D75-H75*2)*(F75-H75*2)*E75) -> 0.018743582 | J75: 8000 | K75: =I75*J75 -> 149.94866
C76: Steel | D76: =Worksheet_Ducts!Y126 -> 1 | E76: =Worksheet_Ducts!Z126 -> 0.5 | F76: =Worksheet_Ducts!AA126 -> 42.4 | H76: 0.0013 | I76: =D76*E76*F76-((D76-H76*2)*(F76-H76*2)*E76) -> 0.05641662 | J76: 8000 | K76: =I76*J76 -> 451.33296
C77: Steel | D77: =Worksheet_Ducts!Y127 -> 0.9 | E77: =Worksheet_Ducts!Z127 -> 0.55 | F77: =Worksheet_Ducts!AA127 -> 7.2 | H77: 0.0012 | I77: =D77*E77*F77-((D77-H77*2)*(F77-H77*2)*E77) -> 0.010688832 | J77: 8000 | K77: =I77*J77 -> 85.510656
C78: Steel | D78: =Worksheet_Ducts!Y128 -> 0.8 | E78: =Worksheet_Ducts!Z128 -> 0.5 | F78: =Worksheet_Ducts!AA128 -> 9.74 | H78: 0.0012 | I78: =D78*E78*F78-((D78-H78*2)*(F78-H78*2)*E78) -> 0.01264512 | J78: 8000 | K78: =I78*J78 -> 101.16096
C79: Steel | D79: =Worksheet_Ducts!Y129 -> 0.7 | E79: =Worksheet_Ducts!Z129 -> 0.5 | F79: =Worksheet_Ducts!AA129 -> 32.24 | H79: 0.0012 | I79: =D79*E79*F79-((D79-H79*2)*(F79-H79*2)*E79) -> 0.03952512 | J79: 8000 | K79: =I79*J79 -> 316.20096
C80: Steel | D80: =Worksheet_Ducts!Y130 -> 0.6 | E80: =Worksheet_Ducts!Z130 -> 0.55 | F80: =Worksheet_Ducts!AA130 -> 7.2 | H80: 0.0011 | I80: =D80*E80*F80-((D80-H80*2)*(F80-H80*2)*E80) -> 0.009435338 | J80: 8000 | K80: =I80*J80 -> 75.482704
C81: Steel | D81: =Worksheet_Ducts!Y131 -> 0.6 | E81: =Worksheet_Ducts!Z131 -> 0.5 | F81: =Worksheet_Ducts!AA131 -> 15.1 | H81: 0.0011 | I81: =D81*E81*F81-((D81-H81*2)*(F81-H81*2)*E81) -> 0.01726758 | J81: 8000 | K81: =I81*J81 -> 138.14064
C82: Steel | D82: =Worksheet_Ducts!Y132 -> 0.5 | E82: =Worksheet_Ducts!Z132 -> 0.5 | F82: =Worksheet_Ducts!AA132 -> 16.28 | H82: 0.0011 | I82: =D82*E82*F82-((D82-H82*2)*(F82-H82*2)*E82) -> 0.01845558 | J82: 8000 | K82: =I82*J82 -> 147.64464
C83: Steel | D83: =Worksheet_Ducts!Y133 -> 0.5 | E83: =Worksheet_Ducts!Z133 -> 0.2 | F83: =Worksheet_Ducts!AA133 -> 61.76 | H83: 0.0011 | I83: =D83*E83*F83-((D83-H83*2)*(F83-H83*2)*E83) -> 0.027393432 | J83: 8000 | K83: =I83*J83 -> 219.14746
C84: Steel | D84: =Worksheet_Ducts!Y134 -> 0.4 | E84: =Worksheet_Ducts!Z134 -> 0.5 | F84: =Worksheet_Ducts!AA134 -> 16.8 | H84: 0.0011 | I84: =D84*E84*F84-((D84-H84*2)*(F84-H84*2)*E84) -> 0.01891758 | J84: 8000 | K84: =I84*J84 -> 151.34064
C85: Steel | D85: =Worksheet_Ducts!Y135 -> 0.4 | E85: =Worksheet_Ducts!Z135 -> 0.4 | F85: =Worksheet_Ducts!AA135 -> 6.76 | H85: 0.001 | I85: =D85*E85*F85-((D85-H85*2)*(F85-H85*2)*E85) -> 0.0057264 | J85: 8000 | K85: =I85*J85 -> 45.8112
C86: Steel | D86: =Worksheet_Ducts!Y136 -> 0.4 | E86: =Worksheet_Ducts!Z136 -> 0.2 | F86: =Worksheet_Ducts!AA136 -> 42.93 | H86: 0.001 | I86: =D86*E86*F86-((D86-H86*2)*(F86-H86*2)*E86) -> 0.0173312 | J86: 8000 | K86: =I86*J86 -> 138.6496
C87: Steel | D87: =Worksheet_Ducts!Y137 -> 0.15 | E87: =Worksheet_Ducts!Z137 -> 0.25 | F87: =Worksheet_Ducts!AA137 -> 10.6 | H87: 0.001 | I87: =D87*E87*F87-((D87-H87*2)*(F87-H87*2)*E87) -> 0.005374 | J87: 8000 | K87: =I87*J87 -> 42.992
C88: Steel | D88: =Worksheet_Ducts!Y138 -> 0.2 | E88: =Worksheet_Ducts!Z138 -> 0.2 | F88: =Worksheet_Ducts!AA138 -> 20.8 | H88: 0.001 | I88: =D88*E88*F88-((D88-H88*2)*(F88-H88*2)*E88) -> 0.0083992 | J88: 8000 | K88: =I88*J88 -> 67.1936
C89: Steel | D89: =Worksheet_Ducts!Y139 -> 0.2 | E89: =Worksheet_Ducts!Z139 -> 0 | F89: =Worksheet_Ducts!AA139 -> 35.46 | H89: 0.0009 | I89: =(((D89/2)^2*$I$1)-(((D89-H89)/2)^2*$I$1))*F89 -> 0.01000352 | J89: 8000 | K89: =I89*J89 -> 80.028161
C90: Steel | D90: =Worksheet_Ducts!Y140 -> 0.16 | E90: =Worksheet_Ducts!Z140 -> 0 | F90: =Worksheet_Ducts!AA140 -> 7.2 | H90: 0.0008 | I90: =(((D90/2)^2*$I$1)-(((D90-H90)/2)^2*$I$1))*F90 -> 0.0014440268 | J90: 8000 | K90: =I90*J90 -> 11.552214
C91: Steel | D91: =Worksheet_Ducts!Y141 -> 0.125 | E91: =Worksheet_Ducts!Z141 -> 0 | F91: =Worksheet_Ducts!AA141 -> 45.52 | H91: 0.0008 | I91: =(((D91/2)^2*$I$1)-(((D91-H91)/2)^2*$I$1))*F91 -> 0.007127384 | J91: 8000 | K91: =I91*J91 -> 57.019072
A92: Room valve | B92: Office | C92: Steel panel | D92: 0.3 | G92: =Worksheet_Ducts!F204 -> 692.48 | J92: 4.6 | K92: =J92*G92 -> 3185.408
B93: Bathroom | C93: Steel panel | D93: 0.1 | G93: =Worksheet_Ducts!F206 -> 183.94 | J93: 0.61 | K93: =J93*G93 -> 112.2034
A98: LCA of Cooling
B99: Material | C99: kgCO2eq
A100: AL-KO | B100: Steel | C100: =SUM(K9:K43)*'GWP2013'!C6 -> 52117.75 | D100: =K44 -> 24142
A101: Ducts | B101: Steel | C101: =SUM(K47:K91)*'GWP2013'!C6 -> 35621.847 | D101: =SUM(K47:K91) -> 16500.763
A102: Valve | B102: Steel | C102: =K92*'GWP2013'!C6 -> 6876.6588 | D102: =K92 -> 3185.408
A103: Valve | B103: Polyamid | C103: =K93*'GWP2013'!C16 -> 957.21843 | D103: =K93 -> 112.2034
A105: Total | C105: =SUM(C100:C103) -> 95573.474 | D105: =SUM(D100:D103) -> 43940.374

Sheet Worksheet_Pipes
A1: UG - Horizontal (to the shaft) | R1: Total of all pipes together | U1: Total of all HEATING pipes together | X1: Total of all COOLING pipes together
A2: Part | B2: Pipe | C2: Width | D2: Length | R2: Pipe | S2: Total | U2: Pipe | V2: Total | X2: Pipe | Y2: Total
A3: connection to distributor | B3: DN65 | D3: 1.59 | R3: DN125 | S3: =SUM(H7+H60+H126+R126+AB126+AL126+AV126+BF126+H181+R181+AB181+AL181+AV181) -> 64.41 | U3: DN125 | V3: =SUM(H27+H60+BJ142+AZ197) -> 34.42 | X3: DN125 | Y3: =H42+BJ158+AZ213 -> 29.99
R4: DN100 | S4: =SUM(H8+H61+H127+R127+AB127+AL127+AV127+BF127+H182+R182+AB182+AL182+AV182) -> 188.57 | U4: DN100 | V4: =SUM(H28+H61+BJ143+AZ198) -> 171.63 | X4: DN100 | Y4: =H43+BJ159+AZ214 -> 16.94
A5: UG - Horizontal (to the shaft) | G5: Alle | R5: DN80 | S5: =SUM(H9+H62+H128+R128+AB128+AL128+AV128+BF128+H183+R183+AB183+AL183+AV183) -> 69.03 | U5: DN80 | V5: =SUM(H29+H62+BJ144+AZ199) -> 29.97 | X5: DN80 | Y5: =H44+BJ160+AZ215 -> 39.06
A6: Part | B6: Pipe | C6: Width | D6: Length | G6: Pipe | H6: Total | R6: DN65 | S6: =SUM(H10+H63+H129+R129+AB129+AL129+AV129+BF129+H184+R184+AB184+AL184+AV184) -> 649.75 | U6: DN65 | V6: =SUM(H30+H63+BJ145+AZ200) -> 362.27 | X6: DN65 | Y6: =H45+BJ161+AZ216 -> 285.89
A7: Heizungsvorlauf | B7: DN100 | D7: 59.75 | G7: DN125 | H7: =SUMIF($B$3:$B$54,G7,$D$3:$D$54) -> 64.41 | R7: DN50 | S7: =SUM(H11+H64+H130+R130+AB130+AL130+AV130+BF130+H185+R185+AB185+AL185+AV185) -> 331.73 | U7: DN50 | V7: =SUM(H31+H64+BJ146+AZ201) -> 253.77 | X7: DN50 | Y7: =H46+BJ162+AZ217 -> 77.96
B8: DN65 | D8: 15.65 | G8: DN100 | H8: =SUMIF($B$3:$B$54,G8,$D$3:$D$54) -> 188.57 | R8: DN40 | S8: =SUM(H12+H65+H131+R131+AB131+AL131+AV131+BF131+H186+R186+AB186+AL186+AV186) -> 419.374 | U8: DN40 | V8: =SUM(H32+H65+BJ147+AZ202) -> 258.84 | X8: DN40 | Y8: =H47+BJ163+AZ218 -> 160.534
B9: DN65 | D9: 10.29 | G9: DN80 | H9: =SUMIF($B$3:$B$54,G9,$D$3:$D$54) -> 13.09 | R9: DN32 | S9: =SUM(H13+H66+H132+R132+AB132+AL132+AV132+BF132+H187+R187+AB187+AL187+AV187) -> 181.553 | U9: DN32 | V9: =SUM(H33+H66+BJ148+AZ203) -> 160.33 | X9: DN32 | Y9: =H48+BJ164+AZ219 -> 21.223
B10: DN40 | D10: 40.9 | G10: DN65 | H10: =SUMIF($B$3:$B$54,G10,$D$3:$D$54) -> 406.52 | R10: DN25 | S10: =SUM(H14+H67+H133+R133+AB133+AL133+AV133+BF133+H188+R188+AB188+AL188+AV188) -> 239.263 | U10: DN25 | V10: =SUM(H34+H67+BJ149+AZ204) -> 196.7 | X10: DN25 | Y10: =H49+BJ165+AZ220 -> 42.563
B11: DN40 | D11: 40.7 | G11: DN50 | H11: =SUMIF($B$3:$B$54,G11,$D$3:$D$54) -> 43.27 | R11: DN20 | S11: =SUM(H15+H68+H134+R134+AB134+AL134+AV134+BF134+H189+R189+AB189+AL189+AV189) -> 181.5 | U11: DN20 | V11: =SUM(H35+H68+BJ150+AZ205) -> 173.74 | X11: DN20 | Y11: =H50+BJ166+AZ221 -> 7.76
B12: DN32 | D12: 2.16 | G12: DN40 | H12: =SUMIF($B$3:$B$54,G12,$D$3:$D$54) -> 167.28 | R12: DN15 | S12: =SUM(H16+H69+H135+R135+AB135+AL135+AV135+BF135+H190+R190+AB190+AL190+AV190) -> 166.715 | U12: DN15 | V12: =SUM(H36+H69+BJ151+AZ206) -> 166.715 | X12: DN15 | Y12: =H51+BJ167+AZ222 -> 0
B13: DN32 | D13: 30.02 | G13: DN32 | H13: =SUMIF($B$3:$B$54,G13,$D$3:$D$54) -> 63.31 | R13: DN12 | S13: =SUM(H17+H70+H136+R136+AB136+AL136+AV136+BF136+H191+R191+AB191+AL191+AV191) -> 497.672 | U13: DN12 | V13: =SUM(H37+H70+BJ152+AZ207) -> 497.672 | X13: DN12 | Y13: =H52+BJ168+AZ223 -> 0
B14: DN25 | D14: 12.98 | G14: DN25 | H14: =SUMIF($B$3:$B$54,G14,$D$3:$D$54) -> 26.905
B15: DN12 | D15: 50.71 | G15: DN20 | H15: =SUMIF($B$3:$B$54,G15,$D$3:$D$54) -> 0
G16: DN15 | H16: =SUMIF($B$3:$B$54,G16,$D$3:$D$54) -> 0
A17: Heizungsrücklauf | B17: DN100 | D17: 58.13 | G17: DN12 | H17: =SUMIF($B$3:$B$54,G17,$D$3:$D$54) -> 98.91
B18: DN65 | D18: 15.74 | G18: DN10 | H18: =SUMIF($B$3:$B$54,G18,$D$3:$D$54) -> 0
B19: DN65 | D19: 9.73
B20: DN40 | D20: 29.58
B21: DN40 | D21: 15.7
B22: DN40 | D22: 40.4
B23: DN32 | D23: 31.13
B24: DN25 | D24: 13.925
B25: DN12 | D25: 48.2 | G25: Heat
G26: Pipe | H26: Total
A27: Betonkern Vorlauf | B27: DN125 | D27: 17.6 | G27: DN125 | H27: =SUMIF($B$7:$B$42,G27,$D$7:$D$42) -> 34.42
B28: DN100 | D28: 26.7 | G28: DN100 | H28: =SUMIF($B$7:$B$42,G28,$D$7:$D$42) -> 171.63
B29: DN80 | D29: 8.4 | G29: DN80 | H29: =SUMIF($B$7:$B$42,G29,$D$7:$D$42) -> 13.09
B30: DN65 | D30: 16.59 | G30: DN65 | H30: =SUMIF($B$7:$B$42,G30,$D$7:$D$42) -> 221.77
B31: DN65 | D31: 36.71 | G31: DN50 | H31: =SUMIF($B$7:$B$42,G31,$D$7:$D$42) -> 27.95
B32: DN65 | D32: 28 | G32: DN40 | H32: =SUMIF($B$7:$B$42,G32,$D$7:$D$42) -> 167.28
B33: DN50 | D33: 14 | G33: DN32 | H33: =SUMIF($B$7:$B$42,G33,$D$7:$D$42) -> 63.31
G34: DN25 | H34: =SUMIF($B$7:$B$42,G34,$D$7:$D$42) -> 26.905
A35: BTK Rücklauf | B35: DN125 | D35: 16.82 | G35: DN20 | H35: =SUMIF($B$7:$B$42,G35,$D$7:$D$42) -> 0
B36: DN100 | D36: 27.05 | G36: DN15 | H36: =SUMIF($B$7:$B$42,G36,$D$7:$D$42) -> 0
B37: DN80 | D37: 4.69 | G37: DN12 | H37: =SUMIF($B$7:$B$42,G37,$D$7:$D$42) -> 98.91
B38: DN65 | D38: 26.5
B39: DN65 | D39: 16.5
B40: DN65 | D40: 46.06 | G40: Cooling
B41: DN50 | D41: 13.95 | G41: Pipe | H41: Total
G42: DN125 | H42: =SUMIF($B$43:$B$54,G42,$D$43:$D$54) -> 29.99
A43: Kälte Vorlauf | B43: DN125 | D43: 5.71 | G43: DN100 | H43: =SUMIF($B$43:$B$54,G43,$D$43:$D$54) -> 16.94
B44: DN125 | D44: 9.78 | G44: DN80 | H44: =SUMIF($B$43:$B$54,G44,$D$43:$D$54) -> 0
B45: DN100 | D45: 8.34 | G45: DN65 | H45: =SUMIF($B$43:$B$54,G45,$D$43:$D$54) -> 183.16
B46: DN65 | D46: 25.74 | G46: DN50 | H46: =SUMIF($B$43:$B$54,G46,$D$43:$D$54) -> 15.32
B47: DN65 | D47: 63.63 | G47: DN40 | H47: =SUMIF($B$43:$B$54,G47,$D$43:$D$54) -> 0
B48: DN50 | D48: 7.29 | G48: DN32 | H48: =SUMIF($B$43:$B$54,G48,$D$43:$D$54) -> 0
G49: DN25 | H49: =SUMIF($B$43:$B$54,G49,$D$43:$D$54) -> 0
A50: Kälte Rücklauf | B50: DN125 | D50: 4.7 | G50: DN20 | H50: =SUMIF($B$43:$B$54,G50,$D$43:$D$54) -> 0
B51: DN125 | D51: 9.8 | G51: DN15 | H51: =SUMIF($B$43:$B$54,G51,$D$43:$D$54) -> 0
B52: DN100 | D52: 8.6 | G52: DN12 | H52: =SUMIF($B$43:$B$54,G52,$D$43:$D$54) -> 0
B53: DN65 | D53: 93.79
B54: DN50 | D54: 8.03
A58: EG Horizontal, Heating with Convectors | S58: EG - Convectors
A59: Part | B59: Pipe | C59: Width | D59: Length | E59: one way | G59: Pipe | H59: Total | S59: Part | T59: Pipe | U59: Width | V59: Length | W59: Depth | X59: Thickness | Y59: Quantity | Z59: Bodenwanne Volume | AA59: Roll-up Volume | AB59: Perforated plate Volume | AC59: Filter | AD59: Convector
A60: Shaft O3 | G60: DN125 | H60: =SUMIF($B$61:$B$120,G60,$D$61:$D$120) -> 0 | S60: 1.45 Katherm | U60: 0.15 | V60: 4.8 | W60: 0.3 | Y60: 17 | Z60: =((U60*V60)+(U60+W60)*2+(V60*W60*2))*Y60*$X$73 -> 0.0765 | AA60: =U60*V60*Y60*$X$74/2 -> 0.01224 | AB60: =U60*$V$75*$X$75*Y60 -> 0.00052275 | AC60: =U60*$V$76*$X$76*Y60 -> 0.00156825 | AD60: =(V60-0.32)*$U$77*$W$77*Y60 -> 0.3808
A61: Shaft - Conv | B61: DN25 | D61: =E61*2 -> 16.44 | E61: 8.22 | G61: DN100 | H61: =SUMIF($B$61:$B$120,G61,$D$61:$D$120) -> 0 | S61: 1.45 Katherm | U61: 0.15 | V61: 4.6 | W61: 0.3 | Y61: 2 | Z61: =((U61*V61)+(U61+W61)*2+(V61*W61*2))*Y61*$X$73 -> 0.0087 | AA61: =U61*V61*Y61*$X$74/2 -> 0.00138 | AB61: =U61*$V$75*$X$75*Y61 -> 6.15e-05 | AC61: =U61*$V$76*$X$76*Y61 -> 0.0001845 | AD61: =(V61-0.32)*$U$77*$W$77*Y61 -> 0.0428
A62: Vorlauf | B62: DN12 | D62: 10.52 | G62: DN80 | H62: =SUMIF($B$61:$B$120,G62,$D$61:$D$120) -> 0 | S62: 1.45 Katherm | U62: 0.15 | V62: 4.4 | W62: 0.3 | Y62: 1 | Z62: =((U62*V62)+(U62+W62)*2+(V62*W62*2))*Y62*$X$73 -> 0.0042 | AA62: =U62*V62*Y62*$X$74/2 -> 0.00066 | AB62: =U62*$V$75*$X$75*Y62 -> 3.075e-05 | AC62: =U62*$V$76*$X$76*Y62 -> 9.225e-05 | AD62: =(V62-0.32)*$U$77*$W$77*Y62 -> 0.0204
A63: Rücklauf | B63: DN12 | D63: 10.27 | G63: DN65 | H63: =SUMIF($B$61:$B$120,G63,$D$61:$D$120) -> 0 | S63: 1.45 Katherm | U63: 0.15 | V63: 3.8 | W63: 0.3 | Y63: 2 | Z63: =((U63*V63)+(U63+W63)*2+(V63*W63*2))*Y63*$X$73 -> 0.0075 | AA63: =U63*V63*Y63*$X$74/2 -> 0.00114 | AB63: =U63*$V$75*$X$75*Y63 -> 6.15e-05 | AC63: =U63*$V$76*$X$76*Y63 -> 0.0001845 | AD63: =(V63-0.32)*$U$77*$W$77*Y63 -> 0.0348
A64: Vorlauf | B64: DN20 | D64: 14.46 | G64: DN50 | H64: =SUMIF($B$61:$B$120,G64,$D$61:$D$120) -> 0 | S64: 1.45 Katherm | U64: 0.15 | V64: 3.6 | W64: 0.3 | Y64: 7 | Z64: =((U64*V64)+(U64+W64)*2+(V64*W64*2))*Y64*$X$73 -> 0.0252 | AA64: =U64*V64*Y64*$X$74/2 -> 0.00378 | AB64: =U64*$V$75*$X$75*Y64 -> 0.00021525 | AC64: =U64*$V$76*$X$76*Y64 -> 0.00064575 | AD64: =(V64-0.32)*$U$77*$W$77*Y64 -> 0.1148
A65: Rücklauf | B65: DN20 | D65: 14.22 | G65: DN40 | H65: =SUMIF($B$61:$B$120,G65,$D$61:$D$120) -> 0 | S65: 1.45 Katherm | U65: 0.15 | V65: 3.4 | W65: 0.3 | Y65: 10 | Z65: =((U65*V65)+(U65+W65)*2+(V65*W65*2))*Y65*$X$73 -> 0.0345 | AA65: =U65*V65*Y65*$X$74/2 -> 0.0051 | AB65: =U65*$V$75*$X$75*Y65 -> 0.0003075 | AC65: =U65*$V$76*$X$76*Y65 -> 0.0009225 | AD65: =(V65-0.32)*$U$77*$W$77*Y65 -> 0.154
A66: Vorlauf | B66: DN15 | D66: 8.84 | G66: DN32 | H66: =SUMIF($B$61:$B$120,G66,$D$61:$D$120) -> 0 | S66: 1.45 Katherm | U66: 0.15 | V66: 3.2 | W66: 0.3 | Y66: 2 | Z66: =((U66*V66)+(U66+W66)*2+(V66*W66*2))*Y66*$X$73 -> 0.0066 | AA66: =U66*V66*Y66*$X$74/2 -> 0.00096 | AB66: =U66*$V$75*$X$75*Y66 -> 6.15e-05 | AC66: =U66*$V$76*$X$76*Y66 -> 0.0001845 | AD66: =(V66-0.32)*$U$77*$W$77*Y66 -> 0.0288
A67: Rücklauf | B67: DN15 | D67: 8.57 | G67: DN25 | H67: =SUMIF($B$61:$B$120,G67,$D$61:$D$120) -> 77.86 | S67: 1.45 Katherm | U67: 0.15 | V67: 3 | W67: 0.3 | Y67: 6 | Z67: =((U67*V67)+(U67+W67)*2+(V67*W67*2))*Y67*$X$73 -> 0.0189 | AA67: =U67*V67*Y67*$X$74/2 -> 0.0027 | AB67: =U67*$V$75*$X$75*Y67 -> 0.0001845 | AC67: =U67*$V$76*$X$76*Y67 -> 0.0005535 | AD67: =(V67-0.32)*$U$77*$W$77*Y67 -> 0.0804
A68: Vorlauf | B68: DN12 | D68: 13.57 | G68: DN20 | H68: =SUMIF($B$61:$B$120,G68,$D$61:$D$120) -> 85.82 | S68: 1.45 Katherm | U68: 0.15 | V68: 2.8 | W68: 0.3 | Y68: 7 | Z68: =((U68*V68)+(U68+W68)*2+(V68*W68*2))*Y68*$X$73 -> 0.021 | AA68: =U68*V68*Y68*$X$74/2 -> 0.00294 | AB68: =U68*$V$75*$X$75*Y68 -> 0.00021525 | AC68: =U68*$V$76*$X$76*Y68 -> 0.00064575 | AD68: =(V68-0.32)*$U$77*$W$77*Y68 -> 0.0868
A69: Rücklauf | B69: DN12 | D69: 13.57 | G69: DN15 | H69: =SUMIF($B$61:$B$120,G69,$D$61:$D$120) -> 155.02 | S69: 1.45 Katherm | U69: 0.15 | V69: 2.4 | W69: 0.3 | Y69: 1 | Z69: =((U69*V69)+(U69+W69)*2+(V69*W69*2))*Y69*$X$73 -> 0.0027 | AA69: =U69*V69*Y69*$X$74/2 -> 0.00036 | AB69: =U69*$V$75*$X$75*Y69 -> 3.075e-05 | AC69: =U69*$V$76*$X$76*Y69 -> 9.225e-05 | AD69: =(V69-0.32)*$U$77*$W$77*Y69 -> 0.0104
A70: Vorlauf (to Convector) | B70: DN12 | D70: =E70*9 -> 7.65 | E70: 0.85 | G70: DN12 | H70: =SUMIF($B$61:$B$120,G70,$D$61:$D$120) -> 383.122 | S70: 1.45 Katherm | U70: 0.15 | V70: 2.2 | W70: 0.3 | Y70: 1 | Z70: =((U70*V70)+(U70+W70)*2+(V70*W70*2))*Y70*$X$73 -> 0.00255 | AA70: =U70*V70*Y70*$X$74/2 -> 0.00033 | AB70: =U70*$V$75*$X$75*Y70 -> 3.075e-05 | AC70: =U70*$V$76*$X$76*Y70 -> 9.225e-05 | AD70: =(V70-0.32)*$U$77*$W$77*Y70 -> 0.0094
A71: Rücklauf (to Convector) | B71: DN12 | D71: =E71*9 -> 9 | E71: 1 | X71: Total | Y71: =SUM(Y60:Y70) -> 56 | Z71: =SUM(Z60:Z70) -> 0.20835 | AA71: =SUM(AA60:AA70) -> 0.03159 | AB71: =SUM(AB60:AB70) -> 0.001722 | AC71: =SUM(AC60:AC70) -> 0.005166 | AD71: =SUM(AD60:AD70) -> 0.9634
A72: Vorlauf (to Convector) | B72: DN12 | D72: =E72*3 -> 1.17 | E72: 0.39
A73: Rücklauf (to Convector) | B73: DN12 | D73: =E73*3 -> 1.62 | E73: 0.54 | S73: Bodenwanne | T73: galvanized sheet steel | X73: 0.001
S74: Roll-up Grille | T74: Aluminium | X74: 0.002
A75: Shaft R3 | S75: Lochblech | T75: Steel | V75: 0.205 | X75: 0.001
A76: Shaft - Conv | B76: DN20 | D76: 7.78 | S76: Filter | T76: synthetic material | V76: 0.205 | X76: 0.003
A77: Vor/Rücklauf | B77: DN15 | D77: =E77*2 -> 60.66 | E77: 30.33 | S77: High Performance Convector | T77: Copper/Aluminium Combination | U77: 0.1 | W77: 0.05
B78: DN12 | D78: =E78*2 -> 54.8 | E78: 27.4
B79: DN12 | D79: =E79*2 -> 34.78 | E79: 17.39
B80: DN12 | D80: =E80*2 -> 18.692 | E80: 9.346
A81: to Convector | B81: DN12 | D81: =E81*6 -> 4.8 | E81: 0.8
B82: DN12 | D82: =E82*6 -> 3.9 | E82: 0.65
B83: DN12 | D83: =E83*2 -> 0.8 | E83: 0.4
B84: DN12 | D84: =E84*2 -> 0.3 | E84: 0.15 | S84: EG - Radiator
S85: Zehnder Excelsior | U85: 1.8 | V85: 0.49 | W85: 0.16 | Y85: 2
A86: Shaft T3 | S86: Zehnder Excelsior | U86: 2 | V86: 0.8 | W86: 0.16 | Y86: 2
A87: Shaft - Conv | B87: included below | S87: Zehnder Excelsior | U87: 2 | V87: 0.24 | W87: 0.95 | Y87: 2
A88: Vor/Rücklauf | B88: DN25 | D88: =E88*2 -> 17.86 | E88: 8.93
B89: DN12 | D89: =E89*2 -> 23.22 | E89: 11.61
B90: DN25 | D90: =E90*2 -> 24.2 | E90: 12.1
B91: DN20 | D91: =E91*2 -> 26.36 | E91: 13.18
B92: DN15 | D92: =E92*2 -> 24.24 | E92: 12.12
B93: DN12 | D93: =E93*2 -> 27.94 | E93: 13.97
A94: to Convector | B94: DN12 | D94: =E94*12 -> 10.2 | E94: 0.85
B95: DN12 | D95: =E95*12 -> 12 | E95: 1
B96: DN12 | D96: =E96*4 -> 5.6 | E96: 1.4
B97: DN12 | D97: =E97*4 -> 5 | E97: 1.25
A99: Shaft 09
A100: Shaft - Conv | B100: DN15 | D100: 15.63
A101: Vor/Rücklauf | B101: DN12 | D101: =E101*2 -> 16.32 | E101: 8.16
B102: DN15 | D102: =E102*2 -> 10.6 | E102: 5.3
B103: DN12 | D103: =E103*2 -> 8.42 | E103: 4.21
A104: to Convector | B104: DN12 | D104: =E104*4 -> 4 | E104: 1
...

Sheet Worksheet_Ducts
A1: Ventilation (on roof)
A2: Type | B2: Element | C2: Width | D2: Length | E2: Height | F2: Thickness | G2: Volume | I2: Type | J2: Element | K2: Width | L2: Length | M2: Height | N2: Thickness | O2: Volume | Q2: Type | R2: Element | S2: Width | T2: Length | U2: Height | V2: Thickness | W2: Volume | Y2: Type | Z2: Element | AA2: Width | AB2: Length | AC2: Height | AD2: Thickness | AE2: Volume | AG2: Type | AH2: Element | AI2: Width | AJ2: Length | AK2: Height | AL2: Thickness | AM2: Volume
A3: Anlage 1b | I3: Anlage 1a | Q3: Anlage 1.1 | Y3: Anlage 2.0 | AG3: Anlage 2.1
B4: Housing frame (below) | C4: 2.45 | D4: 10.79 | E4: 1.26 | F4: 0.035 | G4: =(C4*E4*2+C4*D4*2+E4*D4*2)*F4 -> 3.018253 | J4: Housing frame (below) | K4: 1.61 | L4: 9.79 | M4: 1.26 | N4: 0.035 | O4: =(K4*M4*2+K4*L4*2+M4*L4*2)*N4 -> 2.108813 | R4: Housing frame (below) | S4: 0.98 | T4: 8.1 | U4: 0.68 | V4: 0.035 | W4: =(S4*U4*2+S4*T4*2+U4*T4*2)*V4 -> 0.987868 | Z4: Housing frame (below) | AA4: 2.45 | AB4: 10.79 | AC4: 1.26 | AD4: 0.035 | AE4: =(AA4*AC4*2+AA4*AB4*2+AC4*AB4*2)*AD4 -> 3.018253 | AH4: Housing frame (below) | AI4: 0.67 | AJ4: 8.1 | AK4: 0.68 | AL4: 0.035 | AM4: =(AI4*AK4*2+AI4*AJ4*2+AK4*AJ4*2)*AL4 -> 0.797342
B5: Housing frame (upper) | C5: 2.45 | D5: 7.29 | E5: 1.26 | F5: 0.035 | G5: =(C5*E5*2+C5*D5*2+E5*D5*2)*F5 -> 2.109303 | J5: Housing frame (upper) | K5: 1.61 | L5: 7.04 | M5: 1.26 | N5: 0.035 | O5: =(K5*M5*2+K5*L5*2+M5*L5*2)*N5 -> 1.556338 | R5: Housing frame (upper) | S5: 0.98 | T5: 6.66 | U5: 0.68 | V5: 0.035 | W5: =(S5*U5*2+S5*T5*2+U5*T5*2)*V5 -> 0.82054 | Z5: Housing frame (upper) | AA5: 2.45 | AB5: 7.29 | AC5: 1.26 | AD5: 0.035 | AE5: =(AA5*AC5*2+AA5*AB5*2+AC5*AB5*2)*AD5 -> 2.109303 | AH5: Housing frame (upper) | AI5: 0.67 | AJ5: 6.66 | AK5: 0.68 | AL5: 0.035 | AM5: =(AI5*AK5*2+AI5*AJ5*2+AK5*AJ5*2)*AL5 -> 0.661262
B6: Housing Floor | C6: 2.45 | D6: 10.79 | F6: 0.13 | G6: =C6*D6*F6 -> 3.436615 | J6: Housing Floor | K6: 1.61 | L6: 9.79 | N6: 0.13 | O6: =K6*L6*N6 -> 2.049047 | R6: Housing Floor | S6: 0.98 | T6: 8.1 | V6: 0.13 | W6: =S6*T6*V6 -> 1.03194 | Z6: Housing Floor | AA6: 2.45 | AB6: 10.79 | AD6: 0.13 | AE6: =AA6*AB6*AD6 -> 3.436615 | AH6: Housing Floor | AI6: 0.67 | AJ6: 8.1 | AL6: 0.13 | AM6: =AI6*AJ6*AL6 -> 0.70551
B7: Housing Floor | C7: 2.45 | D7: 5.41 | F7: 0.13 | G7: =C7*D7*F7 -> 1.723085 | J7: Housing Floor | K7: 1.61 | L7: 5.7 | N7: 0.13 | O7: =K7*L7*N7 -> 1.19301 | R7: Housing Floor | S7: 0.98 | T7: 5.39 | V7: 0.13 | W7: =S7*T7*V7 -> 0.686686 | Z7: Housing Floor | AA7: 2.45 | AB7: 5.41 | AD7: 0.13 | AE7: =AA7*AB7*AD7 -> 1.723085 | AH7: Housing Floor | AI7: 0.67 | AJ7: 5.39 | AL7: 0.13 | AM7: =AI7*AJ7*AL7 -> 0.469469
B8: Rotary Heat exchanger | C8: 2.37 | D8: 0.33 | E8: 2.64 | J8: Rotary Heat exchanger | K8: 2.37 | L8: 0.33 | M8: 2.64 | R8: Counterflow Heat exchanger | S8: 0.9 | T8: 1.15 | U8: 1.39 | Z8: Rotary Heat exchanger | AA8: 2.37 | AB8: 0.33 | AC8: 2.64 | AH8: Counterflow Heat exchanger | AI8: 0.9 | AJ8: 1.15 | AK8: 1.39
A9: Inlet | B9: Flaps | C9: 2.37 | D9: 0.18 | E9: 1.17 | I9: Inlet | J9: Flaps | K9: 1.57 | L9: 0.18 | M9: 0.16 | Q9: Inlet | R9: Flaps | S9: 0.92 | T9: 0.12 | U9: 0.6 | Y9: Inlet | Z9: Flaps | AA9: 2.37 | AB9: 0.18 | AC9: 1.17 | AG9: Inlet | AH9: Flaps | AI9: 0.6 | AJ9: 0.12 | AK9: 0.6
B10: Filter M5 | C10: 2.37 | D10: 0.1 | E10: 1.17 | J10: Filter M5 | K10: 1.57 | L10: 0.1 | M10: 1.17 | R10: Filter M5 | S10: 0.92 | T10: 0.1 | U10: 0.6 | Z10: Filter M5 | AA10: 2.37 | AB10: 0.6 | AC10: 1.17 | AH10: Filter M5 | AI10: 0.6 | AJ10: 0.1 | AK10: 0.6
B11: Silencer | C11: 2.37 | D11: 0.92 | E11: 1.17 | J11: Silencer | K11: 1.57 | L11: 0.92 | M11: 1.17 | R11: Silencer | S11: 0.92 | T11: 0.92 | U11: 0.6 | Z11: Silencer | AA11: 2.37 | AB11: 0.92 | AC11: 1.17 | AH11: Silencer | AI11: 0.6 | AJ11: 0.62 | AK11: 0.6
B12: Heater | C12: 2.37 | D12: 0.13 | E12: 1.17 | J12: Heater | K12: 1.57 | L12: 0.13 | M12: 1.17 | R12: Filter M5 | S12: 0.92 | T12: 0.1 | U12: 0.6 | Z12: Heater | AA12: 2.37 | AB12: 0.13 | AC12: 1.17 | AH12: Filter M5 | AI12: 0.6 | AJ12: 0.1 | AK12: 0.6
B13: Cooler | C13: 2.37 | D13: 0.18 | E13: 1.17 | J13: Cooler | K13: 1.57 | L13: 0.18 | M13: 1.17 | R13: Silencer | S13: 0.92 | T13: 0.92 | U13: 0.6 | Z13: Cooler | AA13: 2.37 | AB13: 0.18 | AC13: 1.17 | AH13: Silencer | AI13: 0.6 | AJ13: 0.92 | AK13: 0.6
B14: Ventilator F U | C14: 1 | D14: 0.95 | E14: 1.02 | J14: Ventilator F U | K14: 0.82 | L14: 0.74 | M14: 0.6 | Q14: Outlet | R14: Flaps | S14: 0.92 | T14: 0.12 | U14: 0.6 | Z14: Ventilator F U | AA14: 1 | AB14: 0.95 | AC14: 1.02 | AG14: Outlet | AH14: Flaps | AI14: 0.6 | AJ14: 0.12 | AK14: 0.6
B15: Filter F7 | C15: 2.37 | D15: 0.1 | E15: 1.17 | J15: Filter F7 | K15: 1.57 | L15: 0.1 | M15: 1.17 | R15: Silencer | S15: 0.92 | T15: 1.53 | U15: 0.6 | Z15: Filter F7 | AA15: 2.37 | AB15: 0.1 | AC15: 1.17 | AH15: Silencer | AI15: 0.6 | AJ15: 1.53 | AK15: 0.6
B16: Silencer | C16: 2.37 | D16: 1.53 | E16: 1.17 | J16: Silencer | K16: 1.57 | L16: 1.53 | M16: 1.17 | R16: Ventilator F U | S16: 0.92 | T16: 0.37 | U16: 0.38 | Z16: Silencer | AA16: 2.37 | AB16: 1.53 | AC16: 1.17 | AH16: Ventilator F U | AI16: 0.35 | AJ16: 0.37 | AK16: 0.38
A17: Outlet | B17: Flaps | C17: 2.37 | D17: 0.18 | E17: 1.17 | I17: Outlet | J17: Flaps | K17: 1.57 | L17: 0.18 | M17: 1.17 | R17: Heater | S17: 0.92 | T17: 0.15 | U17: 0.6 | Y17: Outlet | Z17: Flaps | AA17: 2.37 | AB17: 0.18 | AC17: 1.17 | AH17: Heater | AI17: 0.6 | AJ17: 0.15 | AK17: 0.6
B18: Silencer | C18: 2.37 | D18: 0.92 | E18: 1.17 | J18: Silencer | K18: 1.57 | L18: 1.22 | M18: 1.17 | R18: Ventilator F U | S18: 0.92 | U18: 0.38 | Z18: Silencer | AA18: 2.37 | AB18: 1.22 | AC18: 1.17 | AH18: Ventilator F U | AI18: 0.35 | AJ18: 0.37 | AK18: 0.38
B19: Ventilator F U | C19: 1 | D19: 0.95 | E19: 1.02 | J19: Ventilator F U | K19: 0.82 | L19: 0.74 | M19: 0.6 | R19: Filter F7 | S19: 0.92 | U19: 0.6 | Z19: Ventilator F U | AA19: 1 | AB19: 0.95 | AC19: 1.02 | AH19: Filter F7 | AI19: 0.6 | AJ19: 0.1 | AK19: 0.6
B20: Silencer | C20: 2.37 | D20: 1.22 | E20: 1.17 | J20: Silencer | K20: 1.57 | L20: 1.22 | M20: 1.17 | R20: Silencer | S20: 0.92 | T20: 1.22 | U20: 0.6 | Z20: Silencer | AA20: 2.37 | AB20: 1.22 | AC20: 1.17 | AH20: Silencer | AI20: 0.6 | AJ20: 0.92 | AK20: 0.6
B21: Filter M5 | C21: 2.37 | D21: 0.6 | E21: 1.17 | J21: Filter M5 | K21: 1.57 | L21: 0.1 | M21: 1.17 | Z21: Filter M5 | AA21: 2.37 | AB21: 0.6 | AC21: 1.17
A24: Roof Ducts
A25: Shaft | B25: Type | C25: Width | D25: Length | E25: Depth | G25: Total Ducts Horizontal 3. OG
A26: Anlage 1 | C26: 1.66 | D26: 3 | E26: 1.33 | G26: Width | H26: Depth | I26: Length
A27: Supply | G27: 1.66 | H27: 1.33 | I27: =SUMPRODUCT(SUMIFS($D$26:$D$43,$C$26:$C$43,G27,$E$26:$E$43,H27)) -> 3
C28: 0.7 | D28: 28.64 | E28: 1.56 | G28: 1.8 | H28: 1.2 | I28: =SUMPRODUCT(SUMIFS($D$26:$D$43,$C$26:$C$43,G28,$E$26:$E$43,H28)) -> 13.4
C29: 0.5 | D29: 47.47 | E29: 0.2 | G29: 1 | H29: 0.5 | I29: =SUMPRODUCT(SUMIFS($D$26:$D$43,$C$26:$C$43,G29,$E$26:$E$43,H29)) -> 57.1
C30: 1 | D30: 6.4 | E30: 0.5 | G30: 0.7 | H30: 1.56 | I30: =SUMPRODUCT(SUMIFS($D$26:$D$43,$C$26:$C$43,G30,$E$26:$E$43,H30)) -> 54.88
G31: 0.5 | H31: 0.5 | I31: =SUMPRODUCT(SUMIFS($D$26:$D$43,$C$26:$C$43,G31,$E$26:$E$43,H31)) -> 39.86
A32: Extract | D32: 6 | E32: 0.76 | G32: 0.5 | H32: 0.2 | I32: =SUMPRODUCT(SUMIFS($D$26:$D$43,$C$26:$C$43,G32,$E$26:$E$43,H32)) -> 165.64
C33: 0.7 | D33: 26.24 | E33: 1.56
C34: 0.5 | D34: 45.02 | E34: 0.2
C35: 1 | D35: 8 | E35: 0.5
A36: Anlage 2
A37: Supply | C37: 1.8 | D37: 11.7 | E37: 1.2
C38: 1 | D38: 42.42 | E38: 0.5
C39: 0.5 | D39: 35.45 | E39: 0.2
A40: Extract | C40: 1.8 | D40: 1.7 | E40: 1.2
C41: 1 | D41: 0.28 | E41: 0.5
C42: 0.5 | D42: 39.86 | E42: 0.5
C43: 0.5 | D43: 37.7 | E43: 0.2
A45: Horizontal 3.OG
A46: Supply Office | G46: Extract Office | M46: Supply Toilet | S46: Extract Toilet | Y46: Total Supply Office | AC46: Total Ducts Horizontal 3. OG | AG46: Total Ducts Horizontal RG | AK46: Total Ducts Horizontal 4.OG | AO46: Total Ducts Horizontal all Floors
A47: Shaft | B47: Type | C47: Width | D47: Length | E47: Depth | G47: Part | H47: Ducts | I47: Width | J47: Length | K47: Depth | M47: Part | N47: Ducts | O47: Width | P47: Length | Q47: Depth | S47: Part | T47: Ducts | U47: Width | V47: Length | W47: Depth | Y47: Width | Z47: Depth | AA47: Length | AC47: Width | AD47: Depth | AE47: Length | AG47: Width | AH47: Depth | AI47: Length | AK47: Width | AL47: Depth | AM47: Length | AO47: Width | AP47: Depth | AQ47: Length
A48: O3 | G48: O3 | M48: O3 | S48: O3 | Y48: 0.55 | Z48: 0.35 | AA48: =SUMPRODUCT(SUMIFS($D$49:$D$102,$C$49:$C$102,Y48,$E$49:$E$102,Z48)) -> 1.25 | AC48: 0.55 | AD48: 0.35 | AE48: =SUMPRODUCT(SUMIFS($AA$48:$AA$105,$Y$48:$Y$105,AC48,$Z$48:$Z$105,AD48)) -> 2.5 | AG48: 0.55 | AH48: 0.35 | AI48: =AE48*1.22 -> 3.05 | AK48: 0.55 | AL48: 0.35 | AM48: =AE48*0.75 -> 1.875 | AO48: 0.55 | AP48: 0.35 | AQ48: =AI48*3+AE48+AM48 -> 13.525
B49: rectangular | C49: 0.5 | D49: 2.73 | E49: 0.25 | H49: rectangular | I49: 0.5 | J49: 2.73 | K49: 2.5 | N49: diameter | O49: 0.125 | P49: 4.98 | T49: diameter | U49: 0.125 | V49: 5.95 | Y49: 0.55 | Z49: 0.3 | AA49: =SUMPRODUCT(SUMIFS($D$49:$D$102,$C$49:$C$102,Y49,$E$49:$E$102,Z49)) -> 0 | AC49: 0.55 | AD49: 0.3 | AE49: =SUMPRODUCT(SUMIFS($AA$48:$AA$105,$Y$48:$Y$105,AC49,$Z$48:$Z$105,AD49)) -> 1.59 | AG49: 0.55 | AH49: 0.3 | AI49: =AE49*1.22 -> 1.9398 | AK49: 0.55 | AL49: 0.3 | AM49: =AE49*0.75 -> 1.1925 | AO49: 0.55 | AP49: 0.3 | AQ49: =AI49*3+AE49+AM49 -> 8.6019
B50: rectangular | C50: 0.4 | D50: 3.58 | E50: 0.3 | H50: rectangular | I50: 0.4 | J50: 3.58 | K50: 0.3 | N50: diameter | O50: 0.1 | P50: 12.32 | T50: diameter | U50: 0.1 | V50: 6.46 | Y50: 0.55 | Z50: 0.15 | AA50: =SUMPRODUCT(SUMIFS($D$49:$D$102,$C$49:$C$102,Y50,$E$49:$E$102,Z50)) -> 0 | AC50: 0.55 | AD50: 0.15 | AE50: =SUMPRODUCT(SUMIFS($AA$48:$AA$105,$Y$48:$Y$105,AC50,$Z$48:$Z$105,AD50)) -> 0.63 | AG50: 0.55 | AH50: 0.15 | AI50: =AE50*1.22 -> 0.7686 | AK50: 0.55 | AL50: 0.15 | AM50: =AE50*0.75 -> 0.4725 | AO50: 0.55 | AP50: 0.15 | AQ50: =AI50*3+AE50+AM50 -> 3.4083
B51: rectangular | C51: 0.3 | D51: 1 | E51: 0.3 | H51: rectangular | I51: 0.3 | J51: 0.8 | K51: 0.3 | Y51: 0.5 | Z51: 0.3 | AA51: =SUMPRODUCT(SUMIFS($D$49:$D$102,$C$49:$C$102,Y51,$E$49:$E$102,Z51)) -> 4.5 | AC51: 0.5 | AD51: 0.3 | AE51: =SUMPRODUCT(SUMIFS($AA$48:$AA$105,$Y$48:$Y$105,AC51,$Z$48:$Z$105,AD51)) -> 7.96 | AG51: 0.5 | AH51: 0.3 | AI51: =AE51*1.22 -> 9.7112 | AK51: 0.5 | AL51: 0.3 | AM51: =AE51*0.75 -> 5.97 | AO51: 0.5 | AP51: 0.3 | AQ51: =AI51*3+AE51+AM51 -> 43.0636
B52: rectangular | C52: 0.3 | D52: 5.66 | E52: 0.25 | H52: rectangular | I52: 0.3 | J52: 4 | K52: 0.2 | Y52: 0.5 | Z52: 0.25 | AA52: =SUMPRODUCT(SUMIFS($D$49:$D$102,$C$49:$C$102,Y52,$E$49:$E$102,Z52)) -> 8.37 | AC52: 0.5 | AD52: 0.25 | AE52: =SUMPRODUCT(SUMIFS($AA$48:$AA$105,$Y$48:$Y$105,AC52,$Z$48:$Z$105,AD52)) -> 13.21 | AG52: 0.5 | AH52: 0.25 | AI52: =AE52*1.22 -> 16.1162 | AK52: 0.5 | AL52: 0.25 | AM52: =AE52*0.75 -> 9.9075 | AO52: 0.5 | AP52: 0.25 | AQ52: =AI52*3+AE52+AM52 -> 71.4661
B53: rectangular | C53: 0.25 | D53: 1.14 | E53: 0.25 | H53: rectangular | I53: 0.2 | J53: 1.06 | K53: 0.2 | Y53: 0.5 | Z53: 0.15 | AA53: =SUMPRODUCT(SUMIFS($D$49:$D$102,$C$49:$C$102,Y53,$E$49:$E$102,Z53)) -> 5.02 | AC53: 0.5 | AD53: 0.15 | AE53: =SUMPRODUCT(SUMIFS($AA$48:$AA$105,$Y$48:$Y$105,AC53,$Z$48:$Z$105,AD53)) -> 8.65 | AG53: 0.5 | AH53: 0.15 | AI53: =AE53*1.22 -> 10.553 | AK53: 0.5 | AL53: 0.15 | AM53: =AE53*0.75 -> 6.4875 | AO53: 0.5 | AP53: 0.15 | AQ53: =AI53*3+AE53+AM53 -> 46.7965
B54: diameter | C54: 0.25 | D54: 4.78 | H54: diameter | I54: 0.25 | J54: 7.16 | Y54: 0.4 | Z54: 0.3 | AA54: =SUMPRODUCT(SUMIFS($D$49:$D$102,$C$49:$C$102,Y54,$E$49:$E$102,Z54)) -> 7.24 | AC54: 0.4 | AD54: 0.3 | AE54: =SUMPRODUCT(SUMIFS($AA$48:$AA$105,$Y$48:$Y$105,AC54,$Z$48:$Z$105,AD54)) -> 14.34 | AG54: 0.4 | AH54: 0.3 | AI54: =AE54*1.22 -> 17.4948 | AK54: 0.4 | AL54: 0.3 | AM54: =AE54*0.75 -> 10.755 | AO54: 0.4 | AP54: 0.3 | AQ54: =AI54*3+AE54+AM54 -> 77.5794
B55: diameter | C55: 0.2 | D55: 7.34 | H55: diameter | I55: 0.2 | J55: 7.62 | Y55: 0.4 | Z55: 0.15 | AA55: =SUMPRODUCT(SUMIFS($D$49:$D$102,$C$49:$C$102,Y55,$E$49:$E$102,Z55)) -> 8.35 | AC55: 0.4 | AD55: 0.15 | AE55: =SUMPRODUCT(SUMIFS($AA$48:$AA$105,$Y$48:$Y$105,AC55,$Z$48:$Z$105,AD55)) -> 22.47 | AG55: 0.4 | AH55: 0.15 | AI55: =AE55*1.22 -> 27.4134 | AK55: 0.4 | AL55: 0.15 | AM55: =AE55*0.75 -> 16.8525 | AO55: 0.4 | AP55: 0.15 | AQ55: =AI55*3+AE55+AM55 -> 121.5627
B56: diameter | C56: 0.16 | D56: 19.8 | H56: diameter | I56: 0.16 | J56: 24.87 | Y56: 0.35 | Z56: 0.15 | AA56: =SUMPRODUCT(SUMIFS($D$49:$D$102,$C$49:$C$102,Y56,$E$49:$E$102,Z56)) -> 6.67 | AC56: 0.35 | AD56: 0.15 | AE56: =SUMPRODUCT(SUMIFS($AA$48:$AA$105,$Y$48:$Y$105,AC56,$Z$48:$Z$105,AD56)) -> 10.85 | AG56: 0.35 | AH56: 0.15 | AI56: =AE56*1.22 -> 13.237 | AK56: 0.35 | AL56: 0.15 | AM56: =AE56*0.75 -> 8.1375 | AO56: 0.35 | AP56: 0.15 | AQ56: =AI56*3+AE56+AM56 -> 58.6985
B57: diameter | C57: 0.125 | D57: 52.17 | H57: diameter | I57: 0.125 | J57: 34.62 | Y57: 0.3 | Z57: 0.3 | AA57: =SUMPRODUCT(SUMIFS($D$49:$D$102,$C$49:$C$102,Y57,$E$49:$E$102,Z57)) -> 1.51 | AC57: 0.3 | AD57: 0.3 | AE57: =SUMPRODUCT(SUMIFS($AA$48:$AA$105,$Y$48:$Y$105,AC57,$Z$48:$Z$105,AD57)) -> 2.76 | AG57: 0.3 | AH57: 0.3 | AI57: =AE57*1.22 -> 3.3672 | AK57: 0.3 | AL57: 0.3 | AM57: =AE57*0.75 -> 2.07 | AO57: 0.3 | AP57: 0.3 | AQ57: =AI57*3+AE57+AM57 -> 14.9316
B58: diameter | C58: 0.1 | D58: 3.55 | H58: diameter | I58: 0.1 | J58: 2.39 | Y58: 0.3 | Z58: 0.25 | AA58: =SUMPRODUCT(SUMIFS($D$49:$D$102,$C$49:$C$102,Y58,$E$49:$E$102,Z58)) -> 8.4 | AC58: 0.3 | AD58: 0.25 | AE58: =SUMPRODUCT(SUMIFS($AA$48:$AA$105,$Y$48:$Y$105,AC58,$Z$48:$Z$105,AD58)) -> 8.4 | AG58: 0.3 | AH58: 0.25 | AI58: =AE58*1.22 -> 10.248 | AK58: 0.3 | AL58: 0.25 | AM58: =AE58*0.75 -> 6.3 | AO58: 0.3 | AP58: 0.25 | AQ58: =AI58*3+AE58+AM58 -> 45.444
Y59: 0.3 | Z59: 0.2 | AA59: =SUMPRODUCT(SUMIFS($D$49:$D$102,$C$49:$C$102,Y59,$E$49:$E$102,Z59)) -> 0 | AC59: 0.3 | AD59: 0.2 | AE59: =SUMPRODUCT(SUMIFS($AA$48:$AA$105,$Y$48:$Y$105,AC59,$Z$48:$Z$105,AD59)) -> 8.38 | AG59: 0.3 | AH59: 0.2 | AI59: =AE59*1.22 -> 10.2236 | AK59: 0.3 | AL59: 0.2 | AM59: =AE59*0.75 -> 6.285 | AO59: 0.3 | AP59: 0.2 | AQ59: =AI59*3+AE59+AM59 -> 45.3358
A60: T3 | G60: T3 | M60: T3 | Y60: 0.3 | Z60: 0.15 | AA60: =SUMPRODUCT(SUMIFS($D$49:$D$102,$C$49:$C$102,Y60,$E$49:$E$102,Z60)) -> 14.35 | AC60: 0.3 | AD60: 0.15 | AE60: =SUMPRODUCT(SUMIFS($AA$48:$AA$105,$Y$48:$Y$105,AC60,$Z$48:$Z$105,AD60)) -> 27.7 | AG60: 0.3 | AH60: 0.15 | AI60: =AE60*1.22 -> 33.794 | AK60: 0.3 | AL60: 0.15 | AM60: =AE60*0.75 -> 20.775 | AO60: 0.3 | AP60: 0.15 | AQ60: =AI60*3+AE60+AM60 -> 149.857
B61: rectangular | C61: 0.5 | D61: 3 | E61: 2.5 | H61: rectangular | I61: 0.5 | J61: 1.08 | K61: 0.25 | N61: diameter | O61: 0.125 | P61: 2.65 | T61: diameter | U61: 0.125 | V61: 2.65 | Y61: 0.25 | Z61: 0.25 | AA61: =SUMPRODUCT(SUMIFS($D$49:$D$102,$C$49:$C$102,Y61,$E$49:$E$102,Z61)) -> 2.28 | AC61: 0.25 | AD61: 0.25 | AE61: =SUMPRODUCT(SUMIFS($AA$48:$AA$105,$Y$48:$Y$105,AC61,$Z$48:$Z$105,AD61)) -> 2.28 | AG61: 0.25 | AH61: 0.25 | AI61: =AE61*1.22 -> 2.7816 | AK61: 0.25 | AL61: 0.25 | AM61: =AE61*0.75 -> 1.71 | AO61: 0.25 | AP61: 0.25 | AQ61: =AI61*3+AE61+AM61 -> 12.3348
B62: rectangular | C62: 0.2 | D62: 2.89 | E62: 0.2 | H62: rectangular | I62: 0.2 | J62: 2.84 | K62: 0.2 | N62: diameter | O62: 0.1 | P62: 1.49 | T62: diameter | U62: 0.1 | V62: 2.82 | Y62: 0.25 | Z62: 0.15 | AA62: =SUMPRODUCT(SUMIFS($D$49:$D$102,$C$49:$C$102,Y62,$E$49:$E$102,Z62)) -> 13.73 | AC62: 0.25 | AD62: 0.15 | AE62: =SUMPRODUCT(SUMIFS($AA$48:$AA$105,$Y$48:$Y$105,AC62,$Z$48:$Z$105,AD62)) -> 25.93 | AG62: 0.25 | AH62: 0.15 | AI62: =AE62*1.22 -> 31.6346 | AK62: 0.25 | AL62: 0.15 | AM62: =AE62*0.75 -> 19.4475 | AO62: 0.25 | AP62: 0.15 | AQ62: =AI62*3+AE62+AM62 -> 140.2813
B63: diameter | C63: 0.2 | D63: 2.28 | H63: diameter | I63: 0.25 | J63: 2.23 | Y63: 0.2 | Z63: 0.2 | AA63: =SUMPRODUCT(SUMIFS($D$49:$D$102,$C$49:$C$102,Y63,$E$49:$E$102,Z63)) -> 5.77 | AC63: 0.2 | AD63: 0.2 | AE63: =SUMPRODUCT(SUMIFS($AA$48:$AA$105,$Y$48:$Y$105,AC63,$Z$48:$Z$105,AD63)) -> 13.84 | AG63: 0.2 | AH63: 0.2 | AI63: =AE63*1.22 -> 16.8848 | AK63: 0.2 | AL63: 0.2 | AM63: =AE63*0.75 -> 10.38 | AO63: 0.2 | AP63: 0.2 | AQ63: =AI63*3+AE63+AM63 -> 74.8744
B64: diameter | C64: 0.16 | D64: 15.22 | H64: diameter | I64: 0.16 | J64: 6.98 | Y64: 0.25 | AA64: =SUMPRODUCT(SUMIFS($D$49:$D$102,$C$49:$C$102,Y64)) -> 41.29 | AC64: 0.25 | AE64: =SUMPRODUCT(SUMIFS($AA$48:$AA$105,$Y$48:$Y$105,AC64)) -> 101.47 | AG64: 0.25 | AI64: =AE64*1.22 -> 123.7934 | AK64: 0.25 | AM64: =AE64*0.75 -> 76.1025 | AO64: 0.25 | AQ64: =AI64*3+AE64+AM64 -> 548.9527
B65: diameter | C65: 0.125 | D65: 27.95 | H65: diameter | I65: 0.125 | J65: 16.87 | Y65: 0.2 | AA65: =SUMPRODUCT(SUMIFS($D$49:$D$102,$C$49:$C$102,Y65)) -> 30.69 | AC65: 0.2 | AE65: =SUMPRODUCT(SUMIFS($AA$48:$AA$105,$Y$48:$Y$105,AC65)) -> 75.57 | AG65: 0.2 | AI65: =AE65*1.22 -> 92.1954 | AK65: 0.2 | AM65: =AE65*0.75 -> 56.6775 | AO65: 0.2 | AQ65: =AI65*3+AE65+AM65 -> 408.8337
Y66: 0.16 | AA66: =SUMPRODUCT(SUMIFS($D$49:$D$102,$C$49:$C$102,Y66)) -> 63.17 | AC66: 0.16 | AE66: =SUMPRODUCT(SUMIFS($AA$48:$AA$105,$Y$48:$Y$105,AC66)) -> 114.29 | AG66: 0.16 | AI66: =AE66*1.22 -> 139.4338 | AK66: 0.16 | AM66: =AE66*0.75 -> 85.7175 | AO66: 0.16 | AQ66: =AI66*3+AE66+AM66 -> 618.3089
A67: S4 | G67: S4 | M67: S4 | S67: S4 | Y67: 0.125 | AA67: =SUMPRODUCT(SUMIFS($D$49:$D$102,$C$49:$C$102,Y67)) -> 266.51 | AC67: 0.125 | AE67: =SUMPRODUCT(SUMIFS($AA$48:$AA$105,$Y$48:$Y$105,AC67)) -> 533.18 | AG67: 0.125 | AI67: =AE67*1.22 -> 650.4796 | AK67: 0.125 | AM67: =AE67*0.75 -> 399.885 | AO67: 0.125 | AQ67: =AI67*3+AE67+AM67 -> 2884.5038
B68: rectangular | C68: 0.55 | D68: 1.25 | E68: 0.35 | H68: rectangular | I68: 0.55 | J68: 1.25 | K68: 0.35 | N68: diameter | O68: 0.125 | P68: 6.78 | T68: diameter | U68: 0.125 | V68: 4.27 | Y68: 0.1 | AA68: =SUMPRODUCT(SUMIFS($D$49:$D$102,$C$49:$C$102,Y68)) -> 7.48 | AC68: 0.1 | AE68: =SUMPRODUCT(SUMIFS($AA$48:$AA$105,$Y$48:$Y$105,AC68)) -> 54.61 | AG68: 0.1 | AI68: =AE68*1.22 -> 66.6242 | AK68: 0.1 | AM68: =AE68*0.75 -> 40.9575 | AO68: 0.1 | AQ68: =AI68*3+AE68+AM68 -> 295.4401
B69: rectangular | C69: 0.5 | D69: 4.5 | E69: 0.3 | H69: rectangular | I69: 0.55 | J69: 1.59 | K69: 0.3
B70: rectangular | C70: 0.5 | D70: 5.02 | E70: 0.15 | H70: rectangular | I70: 0.55 | J70: 0.63 | K70: 0.15 | M70: S7 (assumed since not planned yet) | S70: S7 (assumed since not planned yet)
B71: rectangular | C71: 0.4 | D71: 8.35 | E71: 0.15 | H71: rectangular | I71: 0.5 | J71: 3.46 | K71: 0.3 | N71: diameter | O71: 0.125 | P71: 6.78 | T71: diameter | U71: 0.125 | V71: 4.27 | Y71: Total Extract Office
B72: rectangular | C72: 0.35 | D72: 6.67 | E72: 0.15 | H72: rectangular | I72: 0.5 | J72: 3.63 | K72: 0.15 | Y72: Width | Z72: Depth | AA72: Length
B73: rectangular | C73: 0.3 | D73: 14.35 | E73: 0.15 | H73: rectangular | I73: 0.4 | J73: 14.12 | K73: 0.15 | Y73: 0.55 | Z73: 0.35 | AA73: =SUMPRODUCT(SUMIFS($J$49:$J$102,$I$49:$I$102,Y73,$K$49:$K$102,Z73)) -> 1.25
B74: rectangular | C74: 0.25 | D74: 13.73 | E74: 0.15 | H74: rectangular | I74: 0.35 | J74: 4.18 | K74: 0.15 | Y74: 0.55 | Z74: 0.3 | AA74: =SUMPRODUCT(SUMIFS($J$49:$J$102,$I$49:$I$102,Y74,$K$49:$K$102,Z74)) -> 1.59
B75: diameter | C75: 0.25 | D75: 5.18 | H75: rectangular | I75: 0.3 | J75: 13.35 | K75: 0.15 | Y75: 0.55 | Z75: 0.15 | AA75: =SUMPRODUCT(SUMIFS($J$49:$J$102,$I$49:$I$102,Y75,$K$49:$K$102,Z75)) -> 0.63
B76: diameter | C76: 0.2 | D76: 2.64 | H76: rectangular | I76: 0.25 | J76: 12.2 | K76: 0.15 | Y76: 0.5 | Z76: 0.3 | AA76: =SUMPRODUCT(SUMIFS($J$49:$J$102,$I$49:$I$102,Y76,$K$49:$K$102,Z76)) -> 3.46
B77: diameter | C77: 0.16 | D77: 8.99 | H77: diameter | I77: 0.25 | J77: 2.4 | Y77: 0.5 | Z77: 0.25 | AA77: =SUMPRODUCT(SUMIFS($J$49:$J$102,$I$49:$I$102,Y77,$K$49:$K$102,Z77)) -> 4.84
B78: diameter | C78: 0.125 | D78: 96.04 | H78: diameter | I78: 0.2 | J78: 2.65 | Y78: 0.5 | Z78: 0.15 | AA78: =SUMPRODUCT(SUMIFS($J$49:$J$102,$I$49:$I$102,Y78,$K$49:$K$102,Z78)) -> 3.63
H79: diameter | I79: 0.16 | J79: 1.36 | Y79: 0.4 | Z79: 0.3 | AA79: =SUMPRODUCT(SUMIFS($J$49:$J$102,$I$49:$I$102,Y79,$K$49:$K$102,Z79)) -> 7.1
H80: diameter | I80: 0.125 | J80: 93.12 | Y80: 0.4 | Z80: 0.15 | AA80: =SUMPRODUCT(SUMIFS($J$49:$J$102,$I$49:$I$102,Y80,$K$49:$K$102,Z80)) -> 14.12
Y81: 0.35 | Z81: 0.15 | AA81: =SUMPRODUCT(SUMIFS($J$49:$J$102,$I$49:$I$102,Y81,$K$49:$K$102,Z81)) -> 4.18
Y82: 0.3 | Z82: 0.3 | AA82: =SUMPRODUCT(SUMIFS($J$49:$J$102,$I$49:$I$102,Y82,$K$49:$K$102,Z82)) -> 1.25
A83: O9 | G83: O9 | M83: O9 | S83: O9 | Y83: 0.3 | Z83: 0.25 | AA83: =SUMPRODUCT(SUMIFS($J$49:$J$102,$I$49:$I$102,Y83,$K$49:$K$102,Z83)) -> 0
B84: rectangular | C84: 0.5 | D84: 2.73 | E84: 0.25 | H84: rectangular | I84: 0.5 | J84: 2.73 | K84: 0.25 | N84: diameter | O84: 0.125 | P84: 4.2 | T84: diameter | U84: 0.125 | V84: 6.27 | Y84: 0.3 | Z84: 0.2 | AA84: =SUMPRODUCT(SUMIFS($J$49:$J$102,$I$49:$I$102,Y84,$K$49:$K$102,Z84)) -> 8.38
B85: rectangular | C85: 0.4 | D85: 3.66 | E85: 0.3 | H85: rectangular | I85: 0.4 | J85: 3.52 | K85: 0.3 | N85: diameter | O85: 0.1 | P85: 8.95 | T85: diameter | U85: 0.1 | V85: 6.02 | Y85: 0.3 | Z85: 0.15 | AA85: =SUMPRODUCT(SUMIFS($J$49:$J$102,$I$49:$I$102,Y85,$K$49:$K$102,Z85)) -> 13.35
B86: rectangular | C86: 0.3 | D86: 0.51 | E86: 0.3 | H86: rectangular | I86: 0.3 | J86: 0.45 | K86: 0.3 | Y86: 0.25 | Z86: 0.25 | AA86: =SUMPRODUCT(SUMIFS($J$49:$J$102,$I$49:$I$102,Y86,$K$49:$K$102,Z86)) -> 0
B87: rectangular | C87: 0.3 | D87: 2.74 | E87: 0.25 | H87: rectangular | I87: 0.3 | J87: 4.38 | K87: 0.2 | Y87: 0.25 | Z87: 0.15 | AA87: =SUMPRODUCT(SUMIFS($J$49:$J$102,$I$49:$I$102,Y87,$K$49:$K$102,Z87)) -> 12.2
B88: rectangular | C88: 0.25 | D88: 1.14 | E88: 0.25 | H88: rectangular | I88: 0.2 | J88: 1.23 | K88: 0.2 | Y88: 0.2 | Z88: 0.2 | AA88: =SUMPRODUCT(SUMIFS($J$49:$J$102,$I$49:$I$102,Y88,$K$49:$K$102,Z88)) -> 8.07
B89: diameter | C89: 0.25 | D89: 12.96 | H89: diameter | I89: 0.25 | J89: 6.54 | Y89: 0.25 | AA89: =SUMPRODUCT(SUMIFS($J$49:$J$102,$I$49:$I$102,Y89)) -> 31.97
B90: diameter | C90: 0.2 | D90: 7.31 | H90: diameter | I90: 0.2 | J90: 6.83 | Y90: 0.2 | AA90: =SUMPRODUCT(SUMIFS($J$49:$J$102,$I$49:$I$102,Y90)) -> 31.04
B91: diameter | C91: 0.16 | D91: 9.37 | H91: diameter | I91: 0.16 | J91: 15.21 | Y91: 0.16 | AA91: =SUMPRODUCT(SUMIFS($J$49:$J$102,$I$49:$I$102,Y91)) -> 51.12
B92: diameter | C92: 0.125 | D92: 53.56 | H92: diameter | I92: 0.125 | J92: 37.74 | Y92: 0.125 | AA92: =SUMPRODUCT(SUMIFS($J$49:$J$102,$I$49:$I$102,Y92)) -> 212.47
B93: diameter | C93: 0.1 | D93: 3.93 | H93: diameter | I93: 0.1 | J93: 2.31 | Y93: 0.1 | AA93: =SUMPRODUCT(SUMIFS($J$49:$J$102,$I$49:$I$102,Y93)) -> 4.7
A96: T10 | G96: T10 | M96: T10 | S96: T10 | Y96: Total Supply Toilet
B97: rectangular | C97: 0.5 | D97: 2.91 | E97: 0.25 | H97: rectangular | I97: 0.5 | J97: 1.03 | K97: 0.25 | N97: diameter | O97: 0.125 | P97: 2.7 | T97: diameter | U97: 0.125 | V97: 2.7 | Y97: Width | Z97: Depth | AA97: Length
B98: rectangular | C98: 0.2 | D98: 2.88 | E98: 0.2 | H98: rectangular | I98: 0.2 | J98: 2.94 | K98: 0.2 | N98: diameter | O98: 0.1 | P98: 2.85 | T98: diameter | U98: 0.1 | V98: 1.52 | Y98: 0.125 | AA98: =SUMPRODUCT(SUMIFS($P$49:$P$102,$O$49:$O$102,Y98)) -> 28.09
B99: diameter | C99: 0.25 | D99: 2.36 | H99: diameter | I99: 0.25 | J99: 1.44 | Y99: 0.1 | AA99: =SUMPRODUCT(SUMIFS($P$49:$P$102,$O$49:$O$102,Y99)) -> 25.61
B100: diameter | C100: 0.2 | D100: 5.35 | H100: diameter | I100: 0.2 | J100: 5.87
B101: diameter | C101: 0.16 | D101: 9.79 | H101: diameter | I101: 0.16 | J101: 2.7
B102: diameter | C102: 0.125 | D102: 36.79 | H102: diameter | I102: 0.125 | J102: 30.12 | Y102: Total Extract Toilet
Y103: Width | Z103: Depth | AA103: Length
Y104: 0.125 | AA104: =SUMPRODUCT(SUMIFS($V$49:$V$102,$U$49:$U$102,Y104)) -> 26.11
Y105: 0.1 | AA105: =SUMPRODUCT(SUMIFS($V$49:$V$102,$U$49:$U$102,Y105)) -> 16.82
...

Sheet operational Energy
A1: Heating 21/Cooling 26 | V1: fossil energy | W1: green energy mix
A2: Date/Time | B2: System Fans | C2: System Pumps | D2: Heating (Electricity) | E2: Heating (Other fuels) | F2: Cooling (Electricity) | I2: Date/Time | J2: Relative Humidity | K2: Fanger PMV | L2: Fanger PPD | M2: Air Temperature | N2: Radiant Temperature | O2: Operative Temperature | P2: Discomfort hrs (all clothing) | Q2: Outside Dry-Bulb Temperature | U2: kWh | V2: kgCO2eq | W2: kgCO2eq
B3: kWh | C3: kWh | D3: kWh | E3: kWh | F3: kWh | J3: % | L3: % | M3: °C | N3: °C | O3: °C | P3: hrs | Q3: °C | T3: Heating (Other fuels) | U3: =SUM(C16:E16) -> 687360.95 | V3: =U3*'GWP2013'!C12 -> 6667.4012 | W3: =U3*'GWP2013'!C12 -> 6667.4012
A4: 37257 | B4: 75063.99 | C4: 74.5147 | D4: 0 | E4: 117338.3 | F4: 15903.52 | I4: 37257 | J4: 31.59802 | K4: -1.990112 | L4: 71.82177 | M4: 15.44572 | N4: 15.5595 | O4: 15.50261 | P4: 266.8405 | Q4: 1.854738 | T4: Cooling (Electricity) | U4: =F16 -> 565204.04 | V4: =U4*'GWP2013'!C11 -> 54380.354 | W4: =U4*'GWP2013'!C10 -> 5975.8157
A5: 37288 | B5: 67799.73 | C5: 60.63109 | D5: 0 | E5: 98294.83 | F5: 15668.62 | I5: 37288 | J5: 30.31162 | K5: -1.856991 | L5: 66.46806 | M5: 15.78233 | N5: 16.42197 | O5: 16.10215 | P5: 223.4828 | Q5: 2.277493 | T5: Ventilation (Electricity) | U5: =B16 -> 883817.98 | V5: =U5*'GWP2013'!C11 -> 85035.37 | W5: =U5*'GWP2013'!C10 -> 9344.4721
A6: 37316 | B6: 75063.99 | C6: 54.17988 | D6: 0 | E6: 93196.01 | F6: 17868.68 | I6: 37316 | J6: 33.0514 | K6: -1.57131 | L6: 54.9984 | M6: 16.56258 | N6: 17.95522 | O6: 17.2589 | P6: 211.3431 | Q6: 5.527621
A7: 37347 | B7: 72642.58 | C7: 0 | D7: 0 | E7: 65174.11 | F7: 18246.95 | I7: 37347 | J7: 39.94048 | K7: -2.806958 | L7: 69.89732 | M7: 16.86054 | N7: 19.30097 | O7: 18.08075 | P7: 179.6748 | Q7: 10.84507
A8: 37377 | B8: 75063.99 | C8: 0 | D8: 0 | E8: 0 | F8: 84448.7 | I8: 37377 | J8: 46.19346 | K8: -2.552902 | L8: 86.04676 | M8: 17.55857 | N8: 20.21036 | O8: 18.88446 | P8: 162.2419 | Q8: 14.95373
A9: 37408 | B9: 72642.58 | C9: 0 | D9: 0 | E9: 0 | F9: 99270.48 | I9: 37408 | J9: 50.65503 | K9: -2.268795 | L9: 79.65667 | M9: 18.15439 | N9: 21.1615 | O9: 19.65795 | P9: 74.09298 | Q9: 18.09049
A10: 37438 | B10: 75063.99 | C10: 0 | D10: 0 | E10: 0 | F10: 117580.8 | I10: 37438 | J10: 48.71449 | K10: -1.912666 | L10: 69.19836 | M10: 18.98549 | N10: 22.47653 | O10: 20.73101 | P10: 47.45926 | Q10: 19.74476
A11: 37469 | B11: 75063.99 | C11: 0.005173 | D11: 0 | E11: 0 | F11: 112773.2 | I11: 37469 | J11: 50.55723 | K11: -2.052617 | L11: 73.50538 | M11: 18.63737 | N11: 21.94474 | O11: 20.29106 | P11: 65.24557 | Q11: 18.84516 | T11: Date/Time | U11: Room Electricity | V11: Lighting | W11: System Fans | X11: System Pumps | Y11: Heating (Other fuels) | Z11: Cooling (Electricity)
A12: 37500 | B12: 72642.58 | C12: 0.118581 | D12: 0 | E12: 170.4404 | F12: 44191.07 | I12: 37500 | J12: 49.99456 | K12: -2.536148 | L12: 86.09879 | M12: 17.53609 | N12: 20.2152 | O12: 18.87564 | P12: 140.3928 | Q12: 15.11809 | U12: kWh | V12: kWh | W12: kWh | X12: kWh | Y12: kWh | Z12: kWh
A13: 37530 | B13: 75063.99 | C13: 46.87611 | D13: 0 | E13: 88166.88 | F13: 17936.26 | I13: 37530 | J13: 43.80106 | K13: -1.339526 | L13: 44.8437 | M13: 17.23149 | N13: 18.74216 | O13: 17.98683 | P13: 204.8723 | Q13: 10.20507 | T13: 0 | U13: 452205,9 | V13: 653535,6 | W13: 1322626 | X13: 526,6388 | Y13: 921709 | Z13: 1135550
A14: 37561 | B14: 72642.58 | C14: 64.63991 | D14: 0 | E14: 106214.7 | F14: 11176.12 | I14: 37561 | J14: 36.98989 | K14: -1.782141 | L14: 64.09747 | M14: 16.01584 | N14: 16.54208 | O14: 16.27896 | P14: 222.3242 | Q14: 5.023194
A15: 37591 | B15: 75063.99 | C15: 74.91982 | D15: 214.4054 | E15: 117625.1 | F15: 10139.64 | I15: 37591 | J15: 32.00509 | K15: -2.024098 | L15: 72.76512 | M15: 15.3454 | N15: 15.34857 | O15: 15.34698 | P15: 249.5117 | Q15: 2.065928 | Y15: =Y13/10135 -> 90.943167 | Z15: =Z13/10135 -> 112.04243
A16: Total | B16: =SUM(B4:B15) -> 883817.98 | C16: =SUM(C4:C15) -> 375.88526 | D16: =SUM(D4:D15) -> 214.4054 | E16: =SUM(C4:E15) -> 686770.66 | F16: =SUM(F4:F15) -> 565204.04 | I16: 37257 | J16: 41.20457 | K16: =AVERAGE(K4:K15) -> -2.0578553 | L16: =AVERAGE(L4:L15) -> 69.949817 | M16: =AVERAGE(M4:M15) -> 17.009651 | N16: =AVERAGE(N4:N15) -> 18.823233 | O16: =AVERAGE(O4:O15) -> 17.916442 | P16: =SUM(P4:P15) -> 2047.4819 | Q16: 10.42516

Sheet GWP2013
A1: Material | B1: Unit | C1: kgCO2eq | D1: kg/m | E1: kgCO2eq - kg
A2: PE foam | B2: kg | C2: 3.903
A3: Rockwool | B3: kg | C3: 1.084
A4: C-Steel | B4: kg | C4: 5.111
A5: Polyethylene pipi | B5: m | C5: 9.4317 | D5: 3 | E5: =C5/D5 -> 3.1439
A6: Steel | B6: kg | C6: 2.1588
A7: galvanized sheet steel | B7: kg | C7: 5.111
A8: Copper/Aluminium Combination | B8: kg | C8: 8.2452
A9: R-1234ze | B9: kg | C9: 17.606
A10: electricity, medium voltage, label-certified | B10: kWh | C10: 0.010572847
A11: electricity, medium voltage | B11: kWh | C11: 0.096213668
A12: District Heating | B12: kWh | C12: 0.0097
A13: High Performance Convector | B13: Copper/Aluminium Combination
A14: Aluminium | B14: kg | C14: 19.542
A15: Nitrile Butadiene Rubber / Kautschuck | B15: kg | C15: 2.793
A16: Polyamid | B16: kg | C16: 8.5311
A17: Air Chiller | B17: 1000kg | C17: 328.9
A18: Steel Panel | B18: kg | C18: =C6 -> 2.1588
